match,team,context,n,gk_rate,unit_rate
1886347,4177,00 baseline (all live frames),43458,0.09722030466197248,0.08691150075935386
1886347,4177,10 OPP poss | ball in own half,4659,0.261644129641554,0.2524146812620734
1886347,4177,11 OPP poss | ball in own def third (<35m),2070,0.585024154589372,0.5642512077294686
1886347,4177,12 OPP poss | ball in own penalty area,400,0.965,0.9425
1886347,4177,"13 OPP poss | ball 35-52m (own half, beyond third)",2589,0.003089996137504828,0.003089996137504828
1886347,4177,40 OWN poss | ball in own def third (<35m),3828,0.5015673981191222,0.43652037617554856
1886347,4177,41 OWN poss | ball in own penalty area,762,0.9986876640419947,0.8228346456692913
1886347,4177,42 OWN poss | ball in opp half,10521,0.0,0.0
1886347,4177,2x OPP phase=direct | ball <35m,134,0.07462686567164178,0.07462686567164178
1886347,4177,2x OPP phase=chaotic | ball <35m,632,0.6028481012658228,0.5996835443037974
1886347,4177,2x OPP phase=finish | ball <35m,1805,0.5346260387811634,0.48808864265927976
1886347,4177,2x OPP phase=create | ball <35m,1316,0.26975683890577506,0.21428571428571427
1886347,4177,2x OPP phase=set_play | ball <35m,190,0.8631578947368421,0.7947368421052632
1886347,4177,3x OWN block=medium_block | ball in own half,3327,0.109107303877367,0.0862639014126841
1886347,4177,3x OWN block=defending_direct | ball in own half,209,0.04784688995215311,0.04784688995215311
1886347,4177,3x OWN block=chaotic | ball in own half,1498,0.25433911882510013,0.2530040053404539
1886347,4177,3x OWN block=low_block | ball in own half,2550,0.3815686274509804,0.34862745098039216
1886347,4177,3x OWN block=defending_set_play | ball in own half,192,0.8541666666666666,0.7864583333333334
1886347,4177,3x OWN block=disruption | ball in own half,11,0.0,0.0
1886347,4177,5x OWN phase=build_up | ball <35m,1976,0.625,0.5526315789473685
1886347,4177,5x OWN phase=create | ball <35m,1554,0.31467181467181465,0.29343629343629346
1886347,4177,5x OWN phase=disruption | ball <35m,118,0.8559322033898306,0.8305084745762712
1886347,4177,5x OWN phase=chaotic | ball <35m,567,0.5255731922398589,0.48148148148148145
1886347,4177,5x OWN phase=finish | ball <35m,11,0.7272727272727273,0.0
1886347,4177,5x OWN phase=direct | ball <35m,178,0.7471910112359551,0.4887640449438202
1886347,4177,5x OWN phase=transition | ball <35m,16,0.125,0.125
1886347,4177,60 DEFENDING corner (15s),150,1.0,0.98
1886347,4177,60b DEFENDING corner (first 5s),50,1.0,1.0
1886347,4177,60c DEFENDING corner | ball in own box,59,1.0,0.9491525423728814
1886347,4177,61 DEFENDING free kick in own half (15s),622,0.30064308681672025,0.2797427652733119
1886347,4177,61b DEFENDING free kick <35m (15s),305,0.6131147540983607,0.5704918032786885
1886347,4177,62 DEFENDING throw-in in own third (15s),720,0.5125,0.5125
1886347,4177,70 OWN goal kick (15s),523,0.24282982791587,0.21032504780114722
1886347,4177,70b OWN goal kick (first 5s),200,0.595,0.55
1886347,4177,71 OPP goal kick (15s) [sanity: expect ~0],1586,0.02459016393442623,0.004413619167717529
1886347,4177,63 DEFENDING corner | delivery moment (-2s..+1s),19,0.7368421052631579,0.631578947368421
1886347,4177,72 OWN goal kick | strike moment (-2s..+0.5s),65,0.9076923076923077,0.9076923076923077
1886347,4177,73 OPP goal kick | strike moment [sanity: expect ~0],215,0.0,0.0
1886347,1805,00 baseline (all live frames),43458,0.19858253946338994,0.17485848405356896
1886347,1805,10 OPP poss | ball in own half,10515,0.36110318592486923,0.32601046124583927
1886347,1805,11 OPP poss | ball in own def third (<35m),6296,0.5943456162642948,0.5357369758576874
1886347,1805,12 OPP poss | ball in own penalty area,1414,0.8521923620933521,0.7842998585572843
1886347,1805,"13 OPP poss | ball 35-52m (own half, beyond third)",4219,0.013036264517658214,0.013036264517658214
1886347,1805,40 OWN poss | ball in own def third (<35m),5449,0.4569645806570013,0.42686731510368875
1886347,1805,41 OWN poss | ball in own penalty area,1538,0.783485045513654,0.7191157347204161
1886347,1805,42 OWN poss | ball in opp half,4660,0.0,0.0
1886347,1805,2x OPP phase=create | ball <35m,648,0.3317901234567901,0.28703703703703703
1886347,1805,2x OPP phase=finish | ball <35m,5532,0.5280187997107737,0.47559652928416485
1886347,1805,2x OPP phase=chaotic | ball <35m,872,0.44495412844036697,0.3830275229357798
1886347,1805,2x OPP phase=transition | ball <35m,268,0.6828358208955224,0.6828358208955224
1886347,1805,2x OPP phase=direct | ball <35m,516,0.6162790697674418,0.3333333333333333
1886347,1805,2x OPP phase=set_play | ball <35m,1583,0.65698041692988,0.5445356917245736
1886347,1805,2x OPP phase=quick_break | ball <35m,544,0.46691176470588236,0.3786764705882353
1886347,1805,3x OWN block=high_block | ball in own half,4,0.0,0.0
1886347,1805,3x OWN block=medium_block | ball in own half,2885,0.07452339688041594,0.06447140381282496
1886347,1805,3x OWN block=low_block | ball in own half,6792,0.43433451118963484,0.3916372202591284
1886347,1805,3x OWN block=chaotic | ball in own half,1866,0.2341907824222937,0.2052518756698821
1886347,1805,3x OWN block=defending_transition | ball in own half,332,0.5512048192771084,0.5512048192771084
1886347,1805,3x OWN block=defending_direct | ball in own half,647,0.49149922720247297,0.26584234930448225
1886347,1805,3x OWN block=defending_set_play | ball in own half,1846,0.5633802816901409,0.466955579631636
1886347,1805,3x OWN block=defending_quick_break | ball in own half,621,0.40901771336553944,0.33172302737520126
1886347,1805,5x OWN phase=create | ball <35m,1805,0.1778393351800554,0.12132963988919668
1886347,1805,5x OWN phase=direct | ball <35m,167,0.6586826347305389,0.6107784431137725
1886347,1805,5x OWN phase=chaotic | ball <35m,1345,0.4617100371747212,0.4557620817843866
1886347,1805,5x OWN phase=build_up | ball <35m,3370,0.5296735905044511,0.49495548961424335
1886347,1805,5x OWN phase=disruption | ball <35m,615,0.6195121951219512,0.5398373983739837
1886347,1805,60 DEFENDING corner (15s),1027,0.5121713729308666,0.3924050632911392
1886347,1805,60b DEFENDING corner (first 5s),350,0.64,0.36
1886347,1805,60c DEFENDING corner | ball in own box,336,0.6875,0.6607142857142857
1886347,1805,61 DEFENDING free kick in own half (15s),1826,0.42606790799561883,0.40744797371303393
1886347,1805,61b DEFENDING free kick <35m (15s),1374,0.5422125181950509,0.517467248908297
1886347,1805,62 DEFENDING throw-in in own third (15s),1315,0.5923954372623574,0.5863117870722433
1886347,1805,70 OWN goal kick (15s),1586,0.24905422446406053,0.21815889029003782
1886347,1805,70b OWN goal kick (first 5s),550,0.4672727272727273,0.4163636363636364
1886347,1805,71 OPP goal kick (15s) [sanity: expect ~0],523,0.02676864244741874,0.009560229445506692
1886347,1805,63 DEFENDING corner | delivery moment (-2s..+1s),198,0.6565656565656566,0.30808080808080807
1886347,1805,72 OWN goal kick | strike moment (-2s..+0.5s),215,0.3953488372093023,0.29767441860465116
1886347,1805,73 OPP goal kick | strike moment [sanity: expect ~0],65,0.0,0.0
1899585,4177,00 baseline (all live frames),40681,0.11759789582360315,0.09817851085273223
1899585,4177,10 OPP poss | ball in own half,5731,0.28005583667771766,0.25388239399755713
1899585,4177,11 OPP poss | ball in own def third (<35m),3317,0.4793488091649081,0.43744347301778713
1899585,4177,12 OPP poss | ball in own penalty area,686,0.8673469387755102,0.7755102040816326
1899585,4177,"13 OPP poss | ball 35-52m (own half, beyond third)",2414,0.006213753106876553,0.0016570008285004142
1899585,4177,40 OWN poss | ball in own def third (<35m),2745,0.614207650273224,0.5486338797814208
1899585,4177,41 OWN poss | ball in own penalty area,818,0.8337408312958435,0.7897310513447433
1899585,4177,42 OWN poss | ball in opp half,9780,0.0,0.0
1899585,4177,2x OPP phase=chaotic | ball <35m,1188,0.3021885521885522,0.17424242424242425
1899585,4177,2x OPP phase=finish | ball <35m,2778,0.490280777537797,0.4510439164866811
1899585,4177,2x OPP phase=create | ball <35m,793,0.5435056746532156,0.3682219419924338
1899585,4177,2x OPP phase=transition | ball <35m,308,0.6493506493506493,0.6493506493506493
1899585,4177,2x OPP phase=direct | ball <35m,230,0.3173913043478261,0.30869565217391304
1899585,4177,2x OPP phase=set_play | ball <35m,367,0.40599455040871935,0.3760217983651226
1899585,4177,2x OPP phase=quick_break | ball <35m,134,0.6567164179104478,0.6567164179104478
1899585,4177,2x OPP phase=build_up | ball <35m,100,0.37,0.37
1899585,4177,3x OWN block=medium_block | ball in own half,2046,0.21358748778103617,0.1441837732160313
1899585,4177,3x OWN block=high_block | ball in own half,122,0.30327868852459017,0.30327868852459017
1899585,4177,3x OWN block=defending_direct | ball in own half,458,0.15938864628820962,0.15502183406113537
1899585,4177,3x OWN block=chaotic | ball in own half,2032,0.17667322834645668,0.10187007874015748
1899585,4177,3x OWN block=low_block | ball in own half,3583,0.38096567122523023,0.3505442366731789
1899585,4177,3x OWN block=defending_transition | ball in own half,403,0.49627791563275436,0.49627791563275436
1899585,4177,3x OWN block=defending_set_play | ball in own half,404,0.3688118811881188,0.3415841584158416
1899585,4177,3x OWN block=defending_quick_break | ball in own half,159,0.5534591194968553,0.5534591194968553
1899585,4177,5x OWN phase=create | ball <35m,376,0.20212765957446807,0.1702127659574468
1899585,4177,5x OWN phase=build_up | ball <35m,1353,0.754619364375462,0.6452328159645233
1899585,4177,5x OWN phase=chaotic | ball <35m,1491,0.4674714956405097,0.3454057679409792
1899585,4177,5x OWN phase=direct | ball <35m,191,0.7539267015706806,0.643979057591623
1899585,4177,5x OWN phase=transition | ball <35m,135,0.28888888888888886,0.2814814814814815
1899585,4177,5x OWN phase=disruption | ball <35m,139,0.4244604316546763,0.4244604316546763
1899585,4177,5x OWN phase=finish | ball <35m,21,0.7619047619047619,0.7142857142857143
1899585,4177,60 DEFENDING corner (15s),539,0.4044526901669759,0.3209647495361781
1899585,4177,60b DEFENDING corner (first 5s),200,0.445,0.305
1899585,4177,60c DEFENDING corner | ball in own box,203,0.7586206896551724,0.5911330049261084
1899585,4177,61 DEFENDING free kick in own half (15s),1122,0.13458110516934046,0.1319073083778966
1899585,4177,61b DEFENDING free kick <35m (15s),609,0.24794745484400657,0.24302134646962234
1899585,4177,62 DEFENDING throw-in in own third (15s),948,0.4767932489451477,0.4208860759493671
1899585,4177,70 OWN goal kick (15s),1350,0.2088888888888889,0.18962962962962962
1899585,4177,70b OWN goal kick (first 5s),450,0.2311111111111111,0.19555555555555557
1899585,4177,71 OPP goal kick (15s) [sanity: expect ~0],1432,0.12779329608938547,0.11731843575418995
1899585,4177,63 DEFENDING corner | delivery moment (-2s..+1s),93,0.43010752688172044,0.0967741935483871
1899585,4177,72 OWN goal kick | strike moment (-2s..+0.5s),39,0.358974358974359,0.1794871794871795
1899585,4177,73 OPP goal kick | strike moment [sanity: expect ~0],173,0.0,0.0
1899585,867,00 baseline (all live frames),40681,0.1901870652147194,0.1590914677613628
1899585,867,10 OPP poss | ball in own half,9773,0.37358027217845086,0.34421364985163205
1899585,867,11 OPP poss | ball in own def third (<35m),5931,0.6123756533468218,0.5646602596526724
1899585,867,12 OPP poss | ball in own penalty area,1065,0.8779342723004695,0.7821596244131456
1899585,867,"13 OPP poss | ball 35-52m (own half, beyond third)",3842,0.004945340968245705,0.0039042165538781884
1899585,867,40 OWN poss | ball in own def third (<35m),4674,0.3908857509627728,0.3232777064612751
1899585,867,41 OWN poss | ball in own penalty area,1025,0.8770731707317073,0.6985365853658536
1899585,867,42 OWN poss | ball in opp half,5734,0.0,0.0
1899585,867,2x OPP phase=chaotic | ball <35m,1280,0.46796875,0.371875
1899585,867,2x OPP phase=set_play | ball <35m,799,0.6458072590738423,0.5256570713391739
1899585,867,2x OPP phase=finish | ball <35m,5710,0.5942206654991243,0.5066549912434326
1899585,867,2x OPP phase=create | ball <35m,322,0.27639751552795033,0.09006211180124224
1899585,867,2x OPP phase=direct | ball <35m,15,0.8,0.8
1899585,867,2x OPP phase=quick_break | ball <35m,295,0.43389830508474575,0.4033898305084746
1899585,867,2x OPP phase=transition | ball <35m,157,0.554140127388535,0.554140127388535
1899585,867,2x OPP phase=build_up | ball <35m,6,0.0,0.0
1899585,867,3x OWN block=chaotic | ball in own half,2300,0.28739130434782606,0.20695652173913043
1899585,867,3x OWN block=defending_set_play | ball in own half,830,0.6216867469879518,0.5060240963855421
1899585,867,3x OWN block=medium_block | ball in own half,2111,0.04216011369019422,0.013737565135007106
1899585,867,3x OWN block=high_block | ball in own half,60,0.0,0.0
1899585,867,3x OWN block=low_block | ball in own half,7194,0.47581317764804004,0.4063108145676953
1899585,867,3x OWN block=defending_direct | ball in own half,132,0.09090909090909091,0.09090909090909091
1899585,867,3x OWN block=defending_transition | ball in own half,301,0.28903654485049834,0.28903654485049834
1899585,867,3x OWN block=defending_quick_break | ball in own half,375,0.3413333333333333,0.31733333333333336
1899585,867,5x OWN phase=create | ball <35m,1283,0.1254871395167576,0.09041309431021044
1899585,867,5x OWN phase=build_up | ball <35m,2814,0.4310589907604833,0.35963041933191187
1899585,867,5x OWN phase=disruption | ball <35m,306,0.9869281045751634,0.9019607843137255
1899585,867,5x OWN phase=direct | ball <35m,391,0.3887468030690537,0.2608695652173913
1899585,867,5x OWN phase=chaotic | ball <35m,2433,0.38964241676942046,0.3526510480887793
1899585,867,5x OWN phase=transition | ball <35m,23,0.7391304347826086,0.7391304347826086
1899585,867,5x OWN phase=set_play | ball <35m,14,0.0,0.0
1899585,867,5x OWN phase=finish | ball <35m,23,0.17391304347826086,0.17391304347826086
1899585,867,60 DEFENDING corner (15s),365,0.5561643835616439,0.4246575342465753
1899585,867,60b DEFENDING corner (first 5s),150,0.62,0.32666666666666666
1899585,867,60c DEFENDING corner | ball in own box,172,0.4011627906976744,0.20348837209302326
1899585,867,61 DEFENDING free kick in own half (15s),1746,0.35738831615120276,0.3138602520045819
1899585,867,61b DEFENDING free kick <35m (15s),1021,0.6111655239960823,0.5367286973555337
1899585,867,62 DEFENDING throw-in in own third (15s),1304,0.6802147239263804,0.6372699386503068
1899585,867,70 OWN goal kick (15s),1432,0.15363128491620112,0.1494413407821229
1899585,867,70b OWN goal kick (first 5s),500,0.148,0.136
1899585,867,71 OPP goal kick (15s) [sanity: expect ~0],1350,0.1622222222222222,0.14148148148148149
1899585,867,63 DEFENDING corner | delivery moment (-2s..+1s),77,0.15584415584415584,0.15584415584415584
1899585,867,72 OWN goal kick | strike moment (-2s..+0.5s),173,0.5260115606936416,0.27167630057803466
1899585,867,73 OPP goal kick | strike moment [sanity: expect ~0],39,0.0,0.0
1925299,1802,00 baseline (all live frames),47942,0.13516332234783696,0.11749614117058112
1925299,1802,10 OPP poss | ball in own half,5864,0.42752387448840384,0.40467257844474763
1925299,1802,11 OPP poss | ball in own def third (<35m),3091,0.6803623422840505,0.6499514720155289
1925299,1802,12 OPP poss | ball in own penalty area,681,0.8458149779735683,0.8076358296622613
1925299,1802,"13 OPP poss | ball 35-52m (own half, beyond third)",2773,0.14569058781103497,0.1312657771366751
1925299,1802,40 OWN poss | ball in own def third (<35m),4787,0.4716941717150616,0.38124086066429913
1925299,1802,41 OWN poss | ball in own penalty area,765,0.8405228758169935,0.6300653594771242
1925299,1802,42 OWN poss | ball in opp half,12021,0.0,0.0
1925299,1802,2x OPP phase=transition | ball <35m,352,0.44886363636363635,0.36079545454545453
1925299,1802,2x OPP phase=finish | ball <35m,2798,0.5929235167977126,0.5854181558255898
1925299,1802,2x OPP phase=create | ball <35m,487,0.2751540041067762,0.20739219712525667
1925299,1802,2x OPP phase=build_up | ball <35m,50,0.0,0.0
1925299,1802,2x OPP phase=chaotic | ball <35m,1323,0.6923658352229781,0.5170068027210885
1925299,1802,2x OPP phase=direct | ball <35m,157,0.4394904458598726,0.4394904458598726
1925299,1802,2x OPP phase=quick_break | ball <35m,198,0.5,0.5
1925299,1802,2x OPP phase=set_play | ball <35m,16,0.5625,0.5625
1925299,1802,3x OWN block=chaotic | ball in own half,2166,0.48107109879963067,0.36795937211449675
1925299,1802,3x OWN block=defending_transition | ball in own half,454,0.35462555066079293,0.28634361233480177
1925299,1802,3x OWN block=low_block | ball in own half,3868,0.5020682523267839,0.49146845915201653
1925299,1802,3x OWN block=high_block | ball in own half,276,0.0,0.0
1925299,1802,3x OWN block=medium_block | ball in own half,1938,0.1393188854489164,0.09855521155830753
1925299,1802,3x OWN block=defending_direct | ball in own half,348,0.29310344827586204,0.29310344827586204
1925299,1802,3x OWN block=defending_quick_break | ball in own half,242,0.4090909090909091,0.4090909090909091
1925299,1802,3x OWN block=defending_set_play | ball in own half,16,0.5625,0.5625
1925299,1802,5x OWN phase=disruption | ball <35m,83,0.7951807228915663,0.6506024096385542
1925299,1802,5x OWN phase=create | ball <35m,1624,0.17118226600985223,0.16379310344827586
1925299,1802,5x OWN phase=build_up | ball <35m,2217,0.6350924672981506,0.47406405051871897
1925299,1802,5x OWN phase=chaotic | ball <35m,1321,0.4118092354277063,0.4118092354277063
1925299,1802,5x OWN phase=direct | ball <35m,396,0.6136363636363636,0.5303030303030303
1925299,1802,5x OWN phase=finish | ball <35m,166,0.0,0.0
1925299,1802,60 DEFENDING corner (15s),150,0.17333333333333334,0.13333333333333333
1925299,1802,60b DEFENDING corner (first 5s),50,0.52,0.4
1925299,1802,60c DEFENDING corner | ball in own box,26,0.6153846153846154,0.38461538461538464
1925299,1802,61 DEFENDING free kick in own half (15s),178,0.25842696629213485,0.23595505617977527
1925299,1802,61b DEFENDING free kick <35m (15s),106,0.4339622641509434,0.39622641509433965
1925299,1802,62 DEFENDING throw-in in own third (15s),687,0.2823871906841339,0.26346433770014555
1925299,1802,70 OWN goal kick (15s),1147,0.2999128160418483,0.1952920662598082
1925299,1802,70b OWN goal kick (first 5s),400,0.525,0.2725
1925299,1802,71 OPP goal kick (15s) [sanity: expect ~0],1023,0.3088954056695992,0.30791788856304986
1925299,1802,63 DEFENDING corner | delivery moment (-2s..+1s),31,1.0,0.45161290322580644
1925299,1802,72 OWN goal kick | strike moment (-2s..+0.5s),111,0.4864864864864865,0.3333333333333333
1925299,1802,73 OPP goal kick | strike moment [sanity: expect ~0],26,0.0,0.0
1925299,871,00 baseline (all live frames),47942,0.24047807767719329,0.19242000750907345
1925299,871,10 OPP poss | ball in own half,12020,0.48402662229617305,0.4252911813643927
1925299,871,11 OPP poss | ball in own def third (<35m),6956,0.7236917768832662,0.6345600920069006
1925299,871,12 OPP poss | ball in own penalty area,1065,0.8507042253521127,0.7248826291079812
1925299,871,"13 OPP poss | ball 35-52m (own half, beyond third)",5064,0.15481832543443919,0.13783570300157977
1925299,871,40 OWN poss | ball in own def third (<35m),4273,0.5986426398315001,0.48186285981745847
1925299,871,41 OWN poss | ball in own penalty area,1411,0.8660524450744153,0.6902905740609497
1925299,871,42 OWN poss | ball in opp half,5866,0.0,0.0
1925299,871,2x OPP phase=direct | ball <35m,323,0.4520123839009288,0.4086687306501548
1925299,871,2x OPP phase=finish | ball <35m,7021,0.6669990029910269,0.581398661159379
1925299,871,2x OPP phase=chaotic | ball <35m,983,0.6185147507629705,0.3723296032553408
1925299,871,2x OPP phase=create | ball <35m,220,0.41363636363636364,0.2909090909090909
1925299,871,2x OPP phase=quick_break | ball <35m,1688,0.5787914691943128,0.41054502369668244
1925299,871,2x OPP phase=set_play | ball <35m,583,0.5883361921097771,0.44082332761578047
1925299,871,3x OWN block=medium_block | ball in own half,1979,0.09954522486104093,0.07680646791308741
1925299,871,3x OWN block=defending_direct | ball in own half,550,0.2963636363636364,0.2636363636363636
1925299,871,3x OWN block=disruption | ball in own half,56,0.0,0.0
1925299,871,3x OWN block=low_block | ball in own half,9598,0.5643884142529694,0.4992706813919567
1925299,871,3x OWN block=chaotic | ball in own half,1621,0.37816162862430597,0.22578655151141272
1925299,871,3x OWN block=high_block | ball in own half,14,0.0,0.0
1925299,871,3x OWN block=defending_quick_break | ball in own half,1861,0.5362708221386352,0.38366469639978507
1925299,871,3x OWN block=defending_set_play | ball in own half,603,0.5704809286898839,0.42786069651741293
1925299,871,5x OWN phase=chaotic | ball <35m,1774,0.6798196166854565,0.49210822998872605
1925299,871,5x OWN phase=finish | ball <35m,61,0.26229508196721313,0.26229508196721313
1925299,871,5x OWN phase=build_up | ball <35m,2070,0.7077294685990339,0.5729468599033817
1925299,871,5x OWN phase=create | ball <35m,754,0.1896551724137931,0.11273209549071618
1925299,871,5x OWN phase=direct | ball <35m,778,0.6478149100257069,0.5
1925299,871,5x OWN phase=disruption | ball <35m,138,0.8768115942028986,0.6884057971014492
1925299,871,5x OWN phase=transition | ball <35m,70,0.8428571428571429,0.7428571428571429
1925299,871,60 DEFENDING corner (15s),376,0.5132978723404256,0.375
1925299,871,60b DEFENDING corner (first 5s),150,1.0,0.6933333333333334
1925299,871,60c DEFENDING corner | ball in own box,185,0.5513513513513514,0.4594594594594595
1925299,871,61 DEFENDING free kick in own half (15s),1016,0.4547244094488189,0.328740157480315
1925299,871,61b DEFENDING free kick <35m (15s),695,0.6402877697841727,0.45611510791366905
1925299,871,62 DEFENDING throw-in in own third (15s),1281,0.7447306791569087,0.6370023419203747
1925299,871,70 OWN goal kick (15s),1023,0.0,0.0
1925299,871,70b OWN goal kick (first 5s),350,0.0,0.0
1925299,871,71 OPP goal kick (15s) [sanity: expect ~0],1147,0.0034873583260680036,0.0034873583260680036
1925299,871,63 DEFENDING corner | delivery moment (-2s..+1s),62,0.8548387096774194,0.0
1925299,871,72 OWN goal kick | strike moment (-2s..+0.5s),26,0.0,0.0
1925299,871,73 OPP goal kick | strike moment [sanity: expect ~0],111,0.0,0.0
1953632,870,00 baseline (all live frames),43912,0.19197485880852613,0.16088996174166514
1953632,870,10 OPP poss | ball in own half,9054,0.37309476474486414,0.3292467417715927
1953632,870,11 OPP poss | ball in own def third (<35m),4367,0.6159835127089535,0.5317151362491412
1953632,870,12 OPP poss | ball in own penalty area,841,0.83115338882283,0.643281807372176
1953632,870,"13 OPP poss | ball 35-52m (own half, beyond third)",4687,0.14678899082568808,0.14060166417751227
1953632,870,40 OWN poss | ball in own def third (<35m),4134,0.45718432510885343,0.4257377842283503
1953632,870,41 OWN poss | ball in own penalty area,935,0.7967914438502673,0.746524064171123
1953632,870,42 OWN poss | ball in opp half,3611,0.0,0.0
1953632,870,2x OPP phase=create | ball <35m,737,0.47761194029850745,0.4355495251017639
1953632,870,2x OPP phase=finish | ball <35m,3615,0.5629322268326418,0.4293222683264177
1953632,870,2x OPP phase=direct | ball <35m,230,0.30434782608695654,0.30434782608695654
1953632,870,2x OPP phase=quick_break | ball <35m,587,0.14310051107325383,0.13798977853492334
1953632,870,2x OPP phase=set_play | ball <35m,1159,0.5849870578084556,0.36065573770491804
1953632,870,2x OPP phase=chaotic | ball <35m,822,0.5170316301703163,0.4708029197080292
1953632,870,2x OPP phase=transition | ball <35m,363,0.5399449035812672,0.2727272727272727
1953632,870,2x OPP phase=build_up | ball <35m,188,0.5957446808510638,0.26063829787234044
1953632,870,3x OWN block=medium_block | ball in own half,3757,0.15517700292786799,0.14506254990684056
1953632,870,3x OWN block=high_block | ball in own half,314,0.35668789808917195,0.15605095541401273
1953632,870,3x OWN block=low_block | ball in own half,5073,0.4957618766016164,0.3958210132071752
1953632,870,3x OWN block=chaotic | ball in own half,1337,0.32909498878085264,0.29394166043380704
1953632,870,3x OWN block=defending_direct | ball in own half,471,0.15074309978768577,0.15074309978768577
1953632,870,3x OWN block=defending_quick_break | ball in own half,646,0.13003095975232198,0.12538699690402477
1953632,870,3x OWN block=defending_set_play | ball in own half,1247,0.5773857257417803,0.3688853247794707
1953632,870,3x OWN block=defending_transition | ball in own half,440,0.44545454545454544,0.225
1953632,870,3x OWN block=disruption | ball in own half,6,0.0,0.0
1953632,870,5x OWN phase=build_up | ball <35m,3108,0.4745817245817246,0.4601029601029601
1953632,870,5x OWN phase=chaotic | ball <35m,2472,0.5105177993527508,0.46561488673139156
1953632,870,5x OWN phase=direct | ball <35m,435,0.6114942528735632,0.5655172413793104
1953632,870,5x OWN phase=create | ball <35m,670,0.08208955223880597,0.08208955223880597
1953632,870,5x OWN phase=disruption | ball <35m,479,0.6722338204592901,0.4780793319415449
1953632,870,5x OWN phase=quick_break | ball <35m,1,0.0,0.0
1953632,870,5x OWN phase=transition | ball <35m,12,0.0,0.0
1953632,870,60 DEFENDING corner (15s),791,0.5246523388116309,0.3185840707964602
1953632,870,60b DEFENDING corner (first 5s),300,0.6633333333333333,0.37666666666666665
1953632,870,60c DEFENDING corner | ball in own box,415,0.6674698795180722,0.3397590361445783
1953632,870,61 DEFENDING free kick in own half (15s),1191,0.3618807724601176,0.30394626364399663
1953632,870,61b DEFENDING free kick <35m (15s),717,0.5202231520223152,0.42538354253835425
1953632,870,62 DEFENDING throw-in in own third (15s),576,0.3003472222222222,0.3003472222222222
1953632,870,70 OWN goal kick (15s),1136,0.14348591549295775,0.1426056338028169
1953632,870,70b OWN goal kick (first 5s),400,0.2225,0.22
1953632,870,71 OPP goal kick (15s) [sanity: expect ~0],399,0.18045112781954886,0.18045112781954886
1953632,870,63 DEFENDING corner | delivery moment (-2s..+1s),144,0.7361111111111112,0.1527777777777778
1953632,870,72 OWN goal kick | strike moment (-2s..+0.5s),73,0.0,0.0
1953632,870,73 OPP goal kick | strike moment [sanity: expect ~0],64,0.0,0.0
1953632,2380,00 baseline (all live frames),43912,0.17145654946256147,0.15731462925851702
1953632,2380,10 OPP poss | ball in own half,3609,0.29564976447769464,0.25076198392906623
1953632,2380,11 OPP poss | ball in own def third (<35m),1754,0.56442417331813,0.47206385404789053
1953632,2380,12 OPP poss | ball in own penalty area,397,0.5843828715365239,0.4836272040302267
1953632,2380,"13 OPP poss | ball 35-52m (own half, beyond third)",1855,0.04150943396226415,0.04150943396226415
1953632,2380,40 OWN poss | ball in own def third (<35m),5331,0.7235040330144438,0.6899268429938098
1953632,2380,41 OWN poss | ball in own penalty area,491,0.7535641547861507,0.7169042769857433
1953632,2380,42 OWN poss | ball in opp half,9056,0.0,0.0
1953632,2380,2x OPP phase=direct | ball <35m,345,0.4608695652173913,0.4115942028985507
1953632,2380,2x OPP phase=chaotic | ball <35m,539,0.45640074211502785,0.19666048237476808
1953632,2380,2x OPP phase=create | ball <35m,121,0.1322314049586777,0.1322314049586777
1953632,2380,2x OPP phase=finish | ball <35m,1437,0.6123869171885873,0.4975643702157272
1953632,2380,2x OPP phase=set_play | ball <35m,280,0.6857142857142857,0.6821428571428572
1953632,2380,2x OPP phase=quick_break | ball <35m,250,0.504,0.496
1953632,2380,2x OPP phase=transition | ball <35m,60,0.016666666666666666,0.016666666666666666
1953632,2380,3x OWN block=chaotic | ball in own half,1290,0.22790697674418606,0.11937984496124031
1953632,2380,3x OWN block=high_block | ball in own half,106,0.0,0.0
1953632,2380,3x OWN block=medium_block | ball in own half,1224,0.014705882352941176,0.014705882352941176
1953632,2380,3x OWN block=defending_direct | ball in own half,473,0.3382663847780127,0.3023255813953488
1953632,2380,3x OWN block=disruption | ball in own half,7,0.0,0.0
1953632,2380,3x OWN block=low_block | ball in own half,1711,0.5336060783167739,0.43717124488603154
1953632,2380,3x OWN block=defending_set_play | ball in own half,287,0.6829268292682927,0.6794425087108014
1953632,2380,3x OWN block=defending_quick_break | ball in own half,259,0.4864864864864865,0.47876447876447875
1953632,2380,3x OWN block=defending_transition | ball in own half,110,0.00909090909090909,0.00909090909090909
1953632,2380,5x OWN phase=create | ball <35m,3160,0.7306962025316456,0.7060126582278481
1953632,2380,5x OWN phase=build_up | ball <35m,2114,0.6660359508041628,0.620151371807001
1953632,2380,5x OWN phase=chaotic | ball <35m,679,0.3446244477172312,0.3122238586156112
1953632,2380,5x OWN phase=direct | ball <35m,200,0.745,0.66
1953632,2380,5x OWN phase=transition | ball <35m,3,0.0,0.0
1953632,2380,5x OWN phase=disruption | ball <35m,297,0.4511784511784512,0.39730639730639733
1953632,2380,5x OWN phase=set_play | ball <35m,3,0.0,0.0
1953632,2380,60 DEFENDING corner (15s),150,0.6933333333333334,0.6933333333333334
1953632,2380,60b DEFENDING corner (first 5s),50,1.0,1.0
1953632,2380,60c DEFENDING corner | ball in own box,42,1.0,1.0
1953632,2380,61 DEFENDING free kick in own half (15s),705,0.3475177304964539,0.34609929078014184
1953632,2380,61b DEFENDING free kick <35m (15s),572,0.4230769230769231,0.42132867132867136
1953632,2380,62 DEFENDING throw-in in own third (15s),857,0.5974329054842473,0.5227537922987164
1953632,2380,70 OWN goal kick (15s),399,0.14786967418546365,0.14786967418546365
1953632,2380,70b OWN goal kick (first 5s),150,0.3333333333333333,0.3333333333333333
1953632,2380,71 OPP goal kick (15s) [sanity: expect ~0],1136,0.198943661971831,0.19718309859154928
1953632,2380,72 OWN goal kick | strike moment (-2s..+0.5s),64,0.140625,0.140625
1953632,2380,73 OPP goal kick | strike moment [sanity: expect ~0],73,0.0,0.0
1996435,869,00 baseline (all live frames),43531,0.20720865590039284,0.17975695481381085
1996435,869,10 OPP poss | ball in own half,6250,0.4776,0.43408
1996435,869,11 OPP poss | ball in own def third (<35m),3626,0.7253171538885824,0.6657473800330943
1996435,869,12 OPP poss | ball in own penalty area,855,0.9555555555555556,0.87953216374269
1996435,869,"13 OPP poss | ball 35-52m (own half, beyond third)",2624,0.13528963414634146,0.11394817073170732
1996435,869,40 OWN poss | ball in own def third (<35m),4640,0.7418103448275862,0.6467672413793103
1996435,869,41 OWN poss | ball in own penalty area,1293,0.8739365815931941,0.7880897138437741
1996435,869,42 OWN poss | ball in opp half,8845,0.0,0.0
1996435,869,2x OPP phase=direct | ball <35m,635,0.6803149606299213,0.4692913385826772
1996435,869,2x OPP phase=chaotic | ball <35m,757,0.3236459709379128,0.2536327608982827
1996435,869,2x OPP phase=finish | ball <35m,3743,0.6791343841838098,0.6321132781191557
1996435,869,2x OPP phase=create | ball <35m,676,0.6050295857988166,0.5384615384615384
1996435,869,2x OPP phase=set_play | ball <35m,303,0.6732673267326733,0.5907590759075908
1996435,869,2x OPP phase=transition | ball <35m,311,0.6366559485530546,0.5916398713826366
1996435,869,2x OPP phase=quick_break | ball <35m,112,1.0,0.8928571428571429
1996435,869,2x OPP phase=build_up | ball <35m,2,0.0,0.0
1996435,869,3x OWN block=medium_block | ball in own half,2587,0.25202937765751837,0.18592964824120603
1996435,869,3x OWN block=defending_direct | ball in own half,811,0.6091245376078915,0.4438964241676942
1996435,869,3x OWN block=chaotic | ball in own half,1418,0.17418899858956277,0.1368124118476728
1996435,869,3x OWN block=low_block | ball in own half,4537,0.6056865770332819,0.5600617147895085
1996435,869,3x OWN block=high_block | ball in own half,2,0.0,0.0
1996435,869,3x OWN block=defending_set_play | ball in own half,322,0.6335403726708074,0.5559006211180124
1996435,869,3x OWN block=defending_transition | ball in own half,377,0.5251989389920424,0.4880636604774536
1996435,869,3x OWN block=defending_quick_break | ball in own half,112,1.0,0.8928571428571429
1996435,869,5x OWN phase=chaotic | ball <35m,1404,0.5377492877492878,0.47150997150997154
1996435,869,5x OWN phase=direct | ball <35m,167,0.5329341317365269,0.5149700598802395
1996435,869,5x OWN phase=build_up | ball <35m,3097,0.7759121730707136,0.68324184694866
1996435,869,5x OWN phase=create | ball <35m,1083,0.6214219759926131,0.5078485687903971
1996435,869,5x OWN phase=disruption | ball <35m,220,0.8727272727272727,0.7636363636363637
1996435,869,5x OWN phase=set_play | ball <35m,13,0.6153846153846154,0.0
1996435,869,5x OWN phase=transition | ball <35m,25,0.68,0.68
1996435,869,5x OWN phase=finish | ball <35m,22,0.45454545454545453,0.0
1996435,869,60 DEFENDING corner (15s),750,0.5706666666666667,0.48933333333333334
1996435,869,60b DEFENDING corner (first 5s),250,0.888,0.756
1996435,869,60c DEFENDING corner | ball in own box,242,0.7768595041322314,0.6942148760330579
1996435,869,61 DEFENDING free kick in own half (15s),638,0.5141065830721003,0.4827586206896552
1996435,869,61b DEFENDING free kick <35m (15s),444,0.7027027027027027,0.6576576576576577
1996435,869,62 DEFENDING throw-in in own third (15s),595,0.5949579831932773,0.5949579831932773
1996435,869,70 OWN goal kick (15s),1500,0.21133333333333335,0.186
1996435,869,70b OWN goal kick (first 5s),500,0.296,0.26
1996435,869,71 OPP goal kick (15s) [sanity: expect ~0],1199,0.07172643869891576,0.0633861551292744
1996435,869,63 DEFENDING corner | delivery moment (-2s..+1s),124,0.9193548387096774,0.5080645161290323
1996435,869,72 OWN goal kick | strike moment (-2s..+0.5s),106,0.6981132075471698,0.6981132075471698
1996435,869,73 OPP goal kick | strike moment [sanity: expect ~0],177,0.0,0.0
1996435,866,00 baseline (all live frames),43531,0.2498908823596977,0.2306172612620891
1996435,866,10 OPP poss | ball in own half,8840,0.4971719457013575,0.46233031674208147
1996435,866,11 OPP poss | ball in own def third (<35m),5482,0.7112367748996716,0.659248449470996
1996435,866,12 OPP poss | ball in own penalty area,1031,0.9233753637245393,0.8205625606207565
1996435,866,"13 OPP poss | ball 35-52m (own half, beyond third)",3358,0.14770696843359143,0.14085765336509828
1996435,866,40 OWN poss | ball in own def third (<35m),5391,0.674457429048414,0.641439436097199
1996435,866,41 OWN poss | ball in own penalty area,1827,0.8637110016420362,0.8144499178981938
1996435,866,42 OWN poss | ball in opp half,6252,0.0,0.0
1996435,866,2x OPP phase=direct | ball <35m,114,0.11403508771929824,0.11403508771929824
1996435,866,2x OPP phase=create | ball <35m,867,0.7185697808535179,0.7185697808535179
1996435,866,2x OPP phase=chaotic | ball <35m,159,0.3081761006289308,0.3081761006289308
1996435,866,2x OPP phase=finish | ball <35m,6873,0.6647752073330423,0.6153062709151753
1996435,866,2x OPP phase=set_play | ball <35m,684,0.6257309941520468,0.5614035087719298
1996435,866,2x OPP phase=transition | ball <35m,500,0.496,0.396
1996435,866,2x OPP phase=build_up | ball <35m,121,0.5371900826446281,0.5371900826446281
1996435,866,2x OPP phase=quick_break | ball <35m,63,0.8095238095238095,0.8095238095238095
1996435,866,3x OWN block=chaotic | ball in own half,562,0.099644128113879,0.099644128113879
1996435,866,3x OWN block=defending_direct | ball in own half,203,0.06403940886699508,0.06403940886699508
1996435,866,3x OWN block=high_block | ball in own half,398,0.16331658291457288,0.16331658291457288
1996435,866,3x OWN block=medium_block | ball in own half,2747,0.24244630506006554,0.24244630506006554
1996435,866,3x OWN block=low_block | ball in own half,8322,0.5982936794039895,0.5562364816149964
1996435,866,3x OWN block=disruption | ball in own half,78,0.0,0.0
1996435,866,3x OWN block=defending_set_play | ball in own half,887,0.5208568207440811,0.47125140924464487
1996435,866,3x OWN block=defending_transition | ball in own half,647,0.38330757341576505,0.30602782071097373
1996435,866,3x OWN block=defending_quick_break | ball in own half,71,0.7183098591549296,0.7183098591549296
1996435,866,5x OWN phase=create | ball <35m,656,0.3170731707317073,0.3094512195121951
1996435,866,5x OWN phase=direct | ball <35m,195,0.8923076923076924,0.7743589743589744
1996435,866,5x OWN phase=build_up | ball <35m,3029,0.7665896335424233,0.7173984813469793
1996435,866,5x OWN phase=chaotic | ball <35m,1385,0.6346570397111914,0.5682310469314079
1996435,866,5x OWN phase=disruption | ball <35m,488,0.9508196721311475,0.8278688524590164
1996435,866,5x OWN phase=finish | ball <35m,111,0.0,0.0
1996435,866,5x OWN phase=transition | ball <35m,20,0.0,0.0
1996435,866,60 DEFENDING corner (15s),1185,0.6,0.5130801687763713
1996435,866,60b DEFENDING corner (first 5s),450,0.8377777777777777,0.6177777777777778
1996435,866,60c DEFENDING corner | ball in own box,502,0.749003984063745,0.6733067729083665
1996435,866,61 DEFENDING free kick in own half (15s),818,0.5562347188264058,0.5562347188264058
1996435,866,61b DEFENDING free kick <35m (15s),604,0.7433774834437086,0.7433774834437086
1996435,866,62 DEFENDING throw-in in own third (15s),282,0.776595744680851,0.5390070921985816
1996435,866,70 OWN goal kick (15s),1199,0.39532944120100083,0.31526271893244373
1996435,866,70b OWN goal kick (first 5s),400,0.5375,0.4625
1996435,866,71 OPP goal kick (15s) [sanity: expect ~0],1500,0.07333333333333333,0.07333333333333333
1996435,866,63 DEFENDING corner | delivery moment (-2s..+1s),238,0.6386554621848739,0.226890756302521
1996435,866,72 OWN goal kick | strike moment (-2s..+0.5s),177,0.7005649717514124,0.6610169491525424
1996435,866,73 OPP goal kick | strike moment [sanity: expect ~0],106,0.0,0.0
2006229,2380,00 baseline (all live frames),44171,0.17020216884381156,0.14194833714428018
2006229,2380,10 OPP poss | ball in own half,4779,0.4885959405733417,0.4279137894957104
2006229,2380,11 OPP poss | ball in own def third (<35m),2213,0.7772254857659286,0.6629010393131496
2006229,2380,12 OPP poss | ball in own penalty area,415,0.8722891566265061,0.6072289156626506
2006229,2380,"13 OPP poss | ball 35-52m (own half, beyond third)",2566,0.2396726422447389,0.22525331254871395
2006229,2380,40 OWN poss | ball in own def third (<35m),4088,0.7287181996086106,0.6396771037181996
2006229,2380,41 OWN poss | ball in own penalty area,821,0.9244823386114495,0.730816077953715
2006229,2380,42 OWN poss | ball in opp half,9692,0.0002063557573256294,0.0002063557573256294
2006229,2380,2x OPP phase=quick_break | ball <35m,231,0.6796536796536796,0.47619047619047616
2006229,2380,2x OPP phase=create | ball <35m,1247,0.4330392943063352,0.3279871692060946
2006229,2380,2x OPP phase=direct | ball <35m,66,0.9696969696969697,0.9696969696969697
2006229,2380,2x OPP phase=finish | ball <35m,1986,0.7009063444108762,0.5508559919436052
2006229,2380,2x OPP phase=build_up | ball <35m,60,0.0,0.0
2006229,2380,2x OPP phase=chaotic | ball <35m,210,0.3238095238095238,0.3238095238095238
2006229,2380,2x OPP phase=set_play | ball <35m,312,0.5769230769230769,0.4326923076923077
2006229,2380,2x OPP phase=transition | ball <35m,369,0.5447154471544715,0.32791327913279134
2006229,2380,3x OWN block=medium_block | ball in own half,3421,0.28646594562993277,0.23940368313358668
2006229,2380,3x OWN block=chaotic | ball in own half,760,0.13815789473684212,0.13815789473684212
2006229,2380,3x OWN block=defending_direct | ball in own half,199,0.37185929648241206,0.37185929648241206
2006229,2380,3x OWN block=defending_quick_break | ball in own half,275,0.5963636363636363,0.4254545454545455
2006229,2380,3x OWN block=high_block | ball in own half,96,0.0,0.0
2006229,2380,3x OWN block=low_block | ball in own half,2360,0.673728813559322,0.5444915254237288
2006229,2380,3x OWN block=defending_set_play | ball in own half,338,0.5680473372781065,0.4349112426035503
2006229,2380,3x OWN block=defending_transition | ball in own half,442,0.45475113122171945,0.2737556561085973
2006229,2380,5x OWN phase=create | ball <35m,1634,0.5006119951040392,0.4265605875152999
2006229,2380,5x OWN phase=build_up | ball <35m,2954,0.7775897088693298,0.6807718348002708
2006229,2380,5x OWN phase=chaotic | ball <35m,456,0.48903508771929827,0.4473684210526316
2006229,2380,5x OWN phase=finish | ball <35m,8,0.625,0.625
2006229,2380,5x OWN phase=direct | ball <35m,156,0.8782051282051282,0.6730769230769231
2006229,2380,5x OWN phase=disruption | ball <35m,51,0.39215686274509803,0.13725490196078433
2006229,2380,60 DEFENDING corner (15s),150,0.12,0.0
2006229,2380,60b DEFENDING corner (first 5s),50,0.36,0.0
2006229,2380,60c DEFENDING corner | ball in own box,14,1.0,0.0
2006229,2380,61 DEFENDING free kick in own half (15s),695,0.4489208633093525,0.3899280575539568
2006229,2380,61b DEFENDING free kick <35m (15s),383,0.783289817232376,0.6762402088772846
2006229,2380,62 DEFENDING throw-in in own third (15s),532,0.7969924812030075,0.7124060150375939
2006229,2380,70 OWN goal kick (15s),450,0.06888888888888889,0.06
2006229,2380,70b OWN goal kick (first 5s),150,0.20666666666666667,0.18
2006229,2380,71 OPP goal kick (15s) [sanity: expect ~0],750,0.07733333333333334,0.07733333333333334
2006229,2380,63 DEFENDING corner | delivery moment (-2s..+1s),31,0.0,0.0
2006229,2380,72 OWN goal kick | strike moment (-2s..+0.5s),50,0.76,0.76
2006229,2380,73 OPP goal kick | strike moment [sanity: expect ~0],47,0.0,0.0
2006229,1804,00 baseline (all live frames),44171,0.24430055919041904,0.20155758302958954
2006229,1804,10 OPP poss | ball in own half,9691,0.5518522340315757,0.4807553400061913
2006229,1804,11 OPP poss | ball in own def third (<35m),5041,0.7595715135885737,0.6574092441975798
2006229,1804,12 OPP poss | ball in own penalty area,1079,0.9202965708989805,0.6932344763670065
2006229,1804,"13 OPP poss | ball 35-52m (own half, beyond third)",4650,0.32666666666666666,0.289247311827957
2006229,1804,40 OWN poss | ball in own def third (<35m),4579,0.5435684647302904,0.48613234330639876
2006229,1804,41 OWN poss | ball in own penalty area,992,0.7913306451612904,0.6905241935483871
2006229,1804,42 OWN poss | ball in opp half,4782,0.0,0.0
2006229,1804,2x OPP phase=chaotic | ball <35m,1154,0.4826689774696707,0.3240901213171577
2006229,1804,2x OPP phase=create | ball <35m,1053,0.4472934472934473,0.37132003798670465
2006229,1804,2x OPP phase=finish | ball <35m,5221,0.6925876268914001,0.564451254548937
2006229,1804,2x OPP phase=set_play | ball <35m,558,0.6129032258064516,0.4229390681003584
2006229,1804,2x OPP phase=quick_break | ball <35m,215,1.0,0.9534883720930233
2006229,1804,2x OPP phase=direct | ball <35m,431,0.41067285382830626,0.26450116009280744
2006229,1804,2x OPP phase=transition | ball <35m,115,0.6347826086956522,0.6347826086956522
2006229,1804,3x OWN block=chaotic | ball in own half,1822,0.34357848518111966,0.23435784851811198
2006229,1804,3x OWN block=medium_block | ball in own half,3677,0.33913516453630677,0.3062279031819418
2006229,1804,3x OWN block=high_block | ball in own half,10,0.0,0.0
2006229,1804,3x OWN block=low_block | ball in own half,7187,0.6108251008765827,0.49380826492277724
2006229,1804,3x OWN block=defending_set_play | ball in own half,761,0.5611038107752957,0.42181340341655715
2006229,1804,3x OWN block=defending_quick_break | ball in own half,215,1.0,0.9534883720930233
2006229,1804,3x OWN block=defending_direct | ball in own half,772,0.2966321243523316,0.20077720207253885
2006229,1804,3x OWN block=disruption | ball in own half,126,0.0,0.0
2006229,1804,3x OWN block=defending_transition | ball in own half,183,0.4262295081967213,0.4262295081967213
2006229,1804,5x OWN phase=create | ball <35m,798,0.18045112781954886,0.17418546365914786
2006229,1804,5x OWN phase=chaotic | ball <35m,1242,0.6344605475040258,0.5193236714975845
2006229,1804,5x OWN phase=direct | ball <35m,286,0.6958041958041958,0.5174825174825175
2006229,1804,5x OWN phase=disruption | ball <35m,387,0.8914728682170543,0.6175710594315246
2006229,1804,5x OWN phase=build_up | ball <35m,3159,0.5001582779360557,0.4567901234567901
2006229,1804,5x OWN phase=quick_break | ball <35m,7,0.0,0.0
2006229,1804,5x OWN phase=transition | ball <35m,123,0.5934959349593496,0.5934959349593496
2006229,1804,60 DEFENDING corner (15s),416,0.8221153846153846,0.47836538461538464
2006229,1804,60b DEFENDING corner (first 5s),150,0.98,0.26
2006229,1804,60c DEFENDING corner | ball in own box,159,0.7421383647798742,0.1069182389937107
2006229,1804,61 DEFENDING free kick in own half (15s),1737,0.6033390903857225,0.4571099597006333
2006229,1804,61b DEFENDING free kick <35m (15s),1024,0.66015625,0.4775390625
2006229,1804,62 DEFENDING throw-in in own third (15s),720,0.4722222222222222,0.4361111111111111
2006229,1804,70 OWN goal kick (15s),750,0.2826666666666667,0.2826666666666667
2006229,1804,70b OWN goal kick (first 5s),250,0.272,0.272
2006229,1804,71 OPP goal kick (15s) [sanity: expect ~0],450,0.10888888888888888,0.09777777777777778
2006229,1804,63 DEFENDING corner | delivery moment (-2s..+1s),62,1.0,0.0
2006229,1804,72 OWN goal kick | strike moment (-2s..+0.5s),47,0.5531914893617021,0.5531914893617021
2006229,1804,73 OPP goal kick | strike moment [sanity: expect ~0],50,0.0,0.0
2011166,867,00 baseline (all live frames),39015,0.19456619249006793,0.1500961168781238
2011166,867,10 OPP poss | ball in own half,8788,0.4275147928994083,0.352753755120619
2011166,867,11 OPP poss | ball in own def third (<35m),5769,0.6498526607730976,0.5366614664586583
2011166,867,12 OPP poss | ball in own penalty area,1158,0.9585492227979274,0.772020725388601
2011166,867,"13 OPP poss | ball 35-52m (own half, beyond third)",3019,0.002649884067572044,0.001324942033786022
2011166,867,40 OWN poss | ball in own def third (<35m),3621,0.5009665838166253,0.3852526926263463
2011166,867,41 OWN poss | ball in own penalty area,876,0.8984018264840182,0.6997716894977168
2011166,867,42 OWN poss | ball in opp half,5482,0.0,0.0
2011166,867,2x OPP phase=finish | ball <35m,5582,0.6175206019347904,0.48996775349337157
2011166,867,2x OPP phase=set_play | ball <35m,686,0.5903790087463557,0.35714285714285715
2011166,867,2x OPP phase=create | ball <35m,390,0.13333333333333333,0.11794871794871795
2011166,867,2x OPP phase=transition | ball <35m,428,0.5794392523364486,0.5607476635514018
2011166,867,2x OPP phase=chaotic | ball <35m,884,0.5678733031674208,0.40271493212669685
2011166,867,2x OPP phase=quick_break | ball <35m,293,0.5938566552901023,0.3720136518771331
2011166,867,2x OPP phase=direct | ball <35m,44,0.06818181818181818,0.06818181818181818
2011166,867,3x OWN block=medium_block | ball in own half,1855,0.028032345013477088,0.024797843665768194
2011166,867,3x OWN block=defending_direct | ball in own half,347,0.008645533141210375,0.008645533141210375
2011166,867,3x OWN block=low_block | ball in own half,6541,0.5297355144473322,0.42088365693319063
2011166,867,3x OWN block=defending_set_play | ball in own half,798,0.5075187969924813,0.30701754385964913
2011166,867,3x OWN block=high_block | ball in own half,19,0.0,0.0
2011166,867,3x OWN block=defending_transition | ball in own half,550,0.4509090909090909,0.43636363636363634
2011166,867,3x OWN block=chaotic | ball in own half,1684,0.32660332541567694,0.2375296912114014
2011166,867,3x OWN block=defending_quick_break | ball in own half,375,0.464,0.2906666666666667
2011166,867,3x OWN block=disruption | ball in own half,10,0.0,0.0
2011166,867,5x OWN phase=chaotic | ball <35m,1910,0.5848167539267015,0.39895287958115183
2011166,867,5x OWN phase=direct | ball <35m,276,0.2246376811594203,0.12318840579710146
2011166,867,5x OWN phase=create | ball <35m,550,0.19818181818181818,0.17272727272727273
2011166,867,5x OWN phase=build_up | ball <35m,2312,0.5488754325259516,0.46366782006920415
2011166,867,5x OWN phase=disruption | ball <35m,222,0.5900900900900901,0.4099099099099099
2011166,867,60 DEFENDING corner (15s),909,0.37843784378437845,0.28492849284928495
2011166,867,60b DEFENDING corner (first 5s),350,0.6657142857142857,0.4857142857142857
2011166,867,60c DEFENDING corner | ball in own box,222,0.6891891891891891,0.5720720720720721
2011166,867,61 DEFENDING free kick in own half (15s),922,0.482646420824295,0.37418655097613884
2011166,867,61b DEFENDING free kick <35m (15s),610,0.7295081967213115,0.5655737704918032
2011166,867,62 DEFENDING throw-in in own third (15s),1579,0.7137428752374921,0.5471817606079797
2011166,867,70 OWN goal kick (15s),944,0.09004237288135593,0.09004237288135593
2011166,867,70b OWN goal kick (first 5s),350,0.0,0.0
2011166,867,71 OPP goal kick (15s) [sanity: expect ~0],1200,0.03166666666666667,0.03166666666666667
2011166,867,63 DEFENDING corner | delivery moment (-2s..+1s),131,0.6717557251908397,0.15267175572519084
2011166,867,73 OPP goal kick | strike moment [sanity: expect ~0],115,0.0,0.0
2011166,868,00 baseline (all live frames),39015,0.1348712033833141,0.10401127771369986
2011166,868,10 OPP poss | ball in own half,5480,0.37445255474452555,0.2927007299270073
2011166,868,11 OPP poss | ball in own def third (<35m),3371,0.6057549688519727,0.47285671907445864
2011166,868,12 OPP poss | ball in own penalty area,1054,0.8083491461100569,0.573055028462998
2011166,868,"13 OPP poss | ball 35-52m (own half, beyond third)",2109,0.00474158368895211,0.00474158368895211
2011166,868,40 OWN poss | ball in own def third (<35m),3485,0.37847919655667145,0.2820659971305595
2011166,868,41 OWN poss | ball in own penalty area,656,0.8719512195121951,0.6478658536585366
2011166,868,42 OWN poss | ball in opp half,8790,0.0,0.0
2011166,868,2x OPP phase=create | ball <35m,693,0.2178932178932179,0.1471861471861472
2011166,868,2x OPP phase=finish | ball <35m,2847,0.5184404636459431,0.4077976817702845
2011166,868,2x OPP phase=quick_break | ball <35m,166,0.6144578313253012,0.5903614457831325
2011166,868,2x OPP phase=build_up | ball <35m,3,0.0,0.0
2011166,868,2x OPP phase=direct | ball <35m,345,0.6347826086956522,0.5130434782608696
2011166,868,2x OPP phase=transition | ball <35m,521,0.7293666026871402,0.7044145873320538
2011166,868,2x OPP phase=chaotic | ball <35m,913,0.6111719605695509,0.5487404162102957
2011166,868,2x OPP phase=set_play | ball <35m,570,0.41228070175438597,0.30526315789473685
2011166,868,3x OWN block=medium_block | ball in own half,1842,0.08197611292073832,0.05537459283387622
2011166,868,3x OWN block=low_block | ball in own half,3433,0.4299446548208564,0.33818817360908826
2011166,868,3x OWN block=chaotic | ball in own half,1717,0.36983110075713455,0.3337216074548631
2011166,868,3x OWN block=defending_direct | ball in own half,640,0.346875,0.28125
2011166,868,3x OWN block=defending_quick_break | ball in own half,182,0.5604395604395604,0.5384615384615384
2011166,868,3x OWN block=high_block | ball in own half,43,0.0,0.0
2011166,868,3x OWN block=defending_transition | ball in own half,675,0.562962962962963,0.5437037037037037
2011166,868,3x OWN block=defending_set_play | ball in own half,642,0.3660436137071651,0.27102803738317754
2011166,868,5x OWN phase=create | ball <35m,1530,0.1522875816993464,0.08888888888888889
2011166,868,5x OWN phase=direct | ball <35m,338,0.33136094674556216,0.28402366863905326
2011166,868,5x OWN phase=build_up | ball <35m,1155,0.6285714285714286,0.5047619047619047
2011166,868,5x OWN phase=transition | ball <35m,59,0.0,0.0
2011166,868,5x OWN phase=chaotic | ball <35m,1646,0.5261239368165249,0.3298906439854192
2011166,868,5x OWN phase=disruption | ball <35m,254,0.4881889763779528,0.17716535433070865
2011166,868,60 DEFENDING corner (15s),671,0.5380029806259314,0.3740685543964232
2011166,868,60b DEFENDING corner (first 5s),250,0.632,0.344
2011166,868,60c DEFENDING corner | ball in own box,275,0.6181818181818182,0.4581818181818182
2011166,868,61 DEFENDING free kick in own half (15s),341,0.16129032258064516,0.07917888563049853
2011166,868,61b DEFENDING free kick <35m (15s),141,0.3900709219858156,0.19148936170212766
2011166,868,62 DEFENDING throw-in in own third (15s),1561,0.4356181934657271,0.336322869955157
2011166,868,70 OWN goal kick (15s),1200,0.1425,0.09583333333333334
2011166,868,70b OWN goal kick (first 5s),400,0.0475,0.0425
2011166,868,71 OPP goal kick (15s) [sanity: expect ~0],944,0.13877118644067796,0.09745762711864407
2011166,868,63 DEFENDING corner | delivery moment (-2s..+1s),93,1.0,0.8172043010752689
2011166,868,72 OWN goal kick | strike moment (-2s..+0.5s),115,0.25217391304347825,0.25217391304347825
2013725,1803,00 baseline (all live frames),44992,0.2447101706970128,0.1748088549075391
2013725,1803,10 OPP poss | ball in own half,7705,0.4537313432835821,0.3175859831278391
2013725,1803,11 OPP poss | ball in own def third (<35m),4318,0.6977767484946734,0.4682723483094025
2013725,1803,12 OPP poss | ball in own penalty area,720,0.9305555555555556,0.4777777777777778
2013725,1803,"13 OPP poss | ball 35-52m (own half, beyond third)",3387,0.14260407440212577,0.12547977561263654
2013725,1803,40 OWN poss | ball in own def third (<35m),6404,0.6864459712679575,0.5277951280449719
2013725,1803,41 OWN poss | ball in own penalty area,1983,0.7740796772566818,0.5284921835602622
2013725,1803,42 OWN poss | ball in opp half,5373,0.0,0.0
2013725,1803,2x OPP phase=finish | ball <35m,3264,0.6182598039215687,0.49111519607843135
2013725,1803,2x OPP phase=direct | ball <35m,111,0.5405405405405406,0.2702702702702703
2013725,1803,2x OPP phase=set_play | ball <35m,1057,0.6707663197729423,0.2923368022705771
2013725,1803,2x OPP phase=create | ball <35m,513,0.29434697855750486,0.24951267056530213
2013725,1803,2x OPP phase=quick_break | ball <35m,485,0.5257731958762887,0.4041237113402062
2013725,1803,2x OPP phase=chaotic | ball <35m,1440,0.42986111111111114,0.20972222222222223
2013725,1803,2x OPP phase=transition | ball <35m,270,0.6370370370370371,0.46296296296296297
2013725,1803,2x OPP phase=build_up | ball <35m,2,0.0,0.0
2013725,1803,3x OWN block=chaotic | ball in own half,2595,0.2932562620423892,0.16840077071290943
2013725,1803,3x OWN block=defending_direct | ball in own half,279,0.24014336917562723,0.13261648745519714
2013725,1803,3x OWN block=medium_block | ball in own half,1962,0.1620795107033639,0.14933741080530072
2013725,1803,3x OWN block=low_block | ball in own half,4374,0.5340649291266575,0.433013260173754
2013725,1803,3x OWN block=defending_set_play | ball in own half,1122,0.6354723707664884,0.2789661319073084
2013725,1803,3x OWN block=high_block | ball in own half,41,0.0,0.0
2013725,1803,3x OWN block=defending_quick_break | ball in own half,578,0.49480968858131485,0.3494809688581315
2013725,1803,3x OWN block=defending_transition | ball in own half,653,0.40888208269525267,0.33690658499234305
2013725,1803,5x OWN phase=create | ball <35m,1678,0.5232419547079857,0.4469606674612634
2013725,1803,5x OWN phase=direct | ball <35m,297,0.9427609427609428,0.6835016835016835
2013725,1803,5x OWN phase=disruption | ball <35m,279,0.9605734767025089,0.6129032258064516
2013725,1803,5x OWN phase=chaotic | ball <35m,2004,0.6137724550898204,0.3652694610778443
2013725,1803,5x OWN phase=transition | ball <35m,196,0.5663265306122449,0.10714285714285714
2013725,1803,5x OWN phase=quick_break | ball <35m,36,0.8055555555555556,0.8055555555555556
2013725,1803,5x OWN phase=build_up | ball <35m,3798,0.7193259610321222,0.5231700895208005
2013725,1803,5x OWN phase=finish | ball <35m,11,0.0,0.0
2013725,1803,60 DEFENDING corner (15s),962,0.5862785862785863,0.1652806652806653
2013725,1803,60b DEFENDING corner (first 5s),350,0.7514285714285714,0.12571428571428572
2013725,1803,60c DEFENDING corner | ball in own box,291,0.7731958762886598,0.058419243986254296
2013725,1803,61 DEFENDING free kick in own half (15s),806,0.3225806451612903,0.2109181141439206
2013725,1803,61b DEFENDING free kick <35m (15s),414,0.5579710144927537,0.34057971014492755
2013725,1803,62 DEFENDING throw-in in own third (15s),1170,0.6974358974358974,0.5435897435897435
2013725,1803,70 OWN goal kick (15s),1324,0.44486404833836857,0.34365558912386707
2013725,1803,70b OWN goal kick (first 5s),450,0.8066666666666666,0.6333333333333333
2013725,1803,71 OPP goal kick (15s) [sanity: expect ~0],1113,0.20125786163522014,0.17160826594788858
2013725,1803,63 DEFENDING corner | delivery moment (-2s..+1s),186,0.7741935483870968,0.21505376344086022
2013725,1803,72 OWN goal kick | strike moment (-2s..+0.5s),104,0.18269230769230768,0.09615384615384616
2013725,1803,73 OPP goal kick | strike moment [sanity: expect ~0],81,0.0,0.0
2013725,869,00 baseline (all live frames),44992,0.16651849217638692,0.11862108819345661
2013725,869,10 OPP poss | ball in own half,5370,0.37374301675977656,0.2608938547486033
2013725,869,11 OPP poss | ball in own def third (<35m),2900,0.5493103448275862,0.3686206896551724
2013725,869,12 OPP poss | ball in own penalty area,604,0.7466887417218543,0.42549668874172186
2013725,869,"13 OPP poss | ball 35-52m (own half, beyond third)",2470,0.16761133603238867,0.13441295546558704
2013725,869,40 OWN poss | ball in own def third (<35m),4039,0.5531072047536519,0.4251052240653627
2013725,869,41 OWN poss | ball in own penalty area,838,0.8186157517899761,0.6002386634844868
2013725,869,42 OWN poss | ball in opp half,7707,0.0,0.0
2013725,869,2x OPP phase=chaotic | ball <35m,1609,0.6413921690490988,0.5214418893722809
2013725,869,2x OPP phase=finish | ball <35m,1961,0.4864864864864865,0.32687404385517593
2013725,869,2x OPP phase=create | ball <35m,689,0.1799709724238026,0.17126269956458637
2013725,869,2x OPP phase=transition | ball <35m,731,0.46101231190150477,0.18878248974008208
2013725,869,2x OPP phase=quick_break | ball <35m,1388,0.4214697406340058,0.2665706051873199
2013725,869,2x OPP phase=direct | ball <35m,140,0.2571428571428571,0.07142857142857142
2013725,869,2x OPP phase=set_play | ball <35m,458,0.7117903930131004,0.29475982532751094
2013725,869,3x OWN block=medium_block | ball in own half,2108,0.18785578747628084,0.18074003795066412
2013725,869,3x OWN block=defending_direct | ball in own half,373,0.12064343163538874,0.04289544235924933
2013725,869,3x OWN block=chaotic | ball in own half,2276,0.48550087873462217,0.38576449912126537
2013725,869,3x OWN block=low_block | ball in own half,2359,0.43196269605765153,0.29631199660873253
2013725,869,3x OWN block=defending_transition | ball in own half,884,0.3902714932126697,0.16176470588235295
2013725,869,3x OWN block=defending_quick_break | ball in own half,1618,0.361557478368356,0.22867737948084055
2013725,869,3x OWN block=defending_set_play | ball in own half,485,0.6927835051546392,0.2824742268041237
2013725,869,5x OWN phase=chaotic | ball <35m,1822,0.5032930845225028,0.38693743139407244
2013725,869,5x OWN phase=direct | ball <35m,200,0.47,0.355
2013725,869,5x OWN phase=create | ball <35m,1160,0.4077586206896552,0.25689655172413794
2013725,869,5x OWN phase=build_up | ball <35m,2031,0.6174298375184638,0.48252092565238797
2013725,869,5x OWN phase=set_play | ball <35m,4,0.0,0.0
2013725,869,5x OWN phase=transition | ball <35m,208,0.5,0.40865384615384615
2013725,869,5x OWN phase=disruption | ball <35m,342,0.6111111111111112,0.27485380116959063
2013725,869,60 DEFENDING corner (15s),449,0.43207126948775054,0.13140311804008908
2013725,869,60b DEFENDING corner (first 5s),200,0.76,0.2
2013725,869,60c DEFENDING corner | ball in own box,198,0.51010101010101,0.18686868686868688
2013725,869,61 DEFENDING free kick in own half (15s),988,0.4139676113360324,0.30870445344129555
2013725,869,61b DEFENDING free kick <35m (15s),635,0.568503937007874,0.4062992125984252
2013725,869,62 DEFENDING throw-in in own third (15s),1609,0.63455562461156,0.4891236793039155
2013725,869,70 OWN goal kick (15s),1113,0.10332434860736747,0.044923629829290206
2013725,869,70b OWN goal kick (first 5s),400,0.075,0.005
2013725,869,71 OPP goal kick (15s) [sanity: expect ~0],1324,0.027945619335347432,0.027945619335347432
2013725,869,63 DEFENDING corner | delivery moment (-2s..+1s),93,0.956989247311828,0.3333333333333333
2013725,869,72 OWN goal kick | strike moment (-2s..+0.5s),81,0.6790123456790124,0.3333333333333333
2013725,869,73 OPP goal kick | strike moment [sanity: expect ~0],104,0.0,0.0
2015213,1803,00 baseline (all live frames),48542,0.18804334390836802,0.1397964649169791
2015213,1803,10 OPP poss | ball in own half,6075,0.4301234567901235,0.35473251028806585
2015213,1803,11 OPP poss | ball in own def third (<35m),2734,0.7574981711777615,0.6163130943672275
2015213,1803,12 OPP poss | ball in own penalty area,444,0.9459459459459459,0.6216216216216216
2015213,1803,"13 OPP poss | ball 35-52m (own half, beyond third)",3341,0.16222687818018558,0.1406764441783897
2015213,1803,40 OWN poss | ball in own def third (<35m),5263,0.66349990499715,0.5105453163594907
2015213,1803,41 OWN poss | ball in own penalty area,1623,0.8022181146025879,0.5083179297597042
2015213,1803,42 OWN poss | ball in opp half,5592,0.000357653791130186,0.000178826895565093
2015213,1803,2x OPP phase=direct | ball <35m,417,0.6906474820143885,0.5875299760191847
2015213,1803,2x OPP phase=chaotic | ball <35m,1390,0.4741007194244604,0.3539568345323741
2015213,1803,2x OPP phase=create | ball <35m,941,0.5579171094580234,0.30499468650371947
2015213,1803,2x OPP phase=transition | ball <35m,725,0.6096551724137931,0.2496551724137931
2015213,1803,2x OPP phase=finish | ball <35m,2390,0.5849372384937238,0.48493723849372383
2015213,1803,2x OPP phase=set_play | ball <35m,298,0.38926174496644295,0.013422818791946308
2015213,1803,2x OPP phase=quick_break | ball <35m,169,0.757396449704142,0.7455621301775148
2015213,1803,2x OPP phase=disruption | ball <35m,21,0.0,0.0
2015213,1803,3x OWN block=medium_block | ball in own half,3211,0.24945499844285268,0.16381189660541887
2015213,1803,3x OWN block=defending_direct | ball in own half,844,0.41706161137440756,0.35545023696682465
2015213,1803,3x OWN block=chaotic | ball in own half,2279,0.3488372093023256,0.26722246599385696
2015213,1803,3x OWN block=high_block | ball in own half,6,0.0,0.0
2015213,1803,3x OWN block=disruption | ball in own half,35,0.0,0.0
2015213,1803,3x OWN block=defending_transition | ball in own half,936,0.5,0.22008547008547008
2015213,1803,3x OWN block=low_block | ball in own half,3621,0.4791494062413698,0.39188069594034797
2015213,1803,3x OWN block=defending_set_play | ball in own half,345,0.3681159420289855,0.043478260869565216
2015213,1803,3x OWN block=defending_quick_break | ball in own half,203,0.6551724137931034,0.645320197044335
2015213,1803,5x OWN phase=build_up | ball <35m,3147,0.6959008579599618,0.5278042580235145
2015213,1803,5x OWN phase=direct | ball <35m,526,0.7699619771863118,0.4790874524714829
2015213,1803,5x OWN phase=chaotic | ball <35m,1695,0.46843657817109147,0.41297935103244837
2015213,1803,5x OWN phase=create | ball <35m,801,0.5568039950062422,0.49812734082397003
2015213,1803,5x OWN phase=disruption | ball <35m,251,0.7171314741035857,0.24302788844621515
2015213,1803,5x OWN phase=transition | ball <35m,7,0.0,0.0
2015213,1803,60 DEFENDING corner (15s),76,0.4342105263157895,0.0
2015213,1803,60b DEFENDING corner (first 5s),50,0.66,0.0
2015213,1803,60c DEFENDING corner | ball in own box,76,0.4342105263157895,0.0
2015213,1803,61 DEFENDING free kick in own half (15s),1356,0.46238938053097345,0.3827433628318584
2015213,1803,61b DEFENDING free kick <35m (15s),953,0.565582371458552,0.459601259181532
2015213,1803,62 DEFENDING throw-in in own third (15s),1324,0.6185800604229608,0.37462235649546827
2015213,1803,70 OWN goal kick (15s),1200,0.38666666666666666,0.16833333333333333
2015213,1803,70b OWN goal kick (first 5s),400,0.67,0.1675
2015213,1803,71 OPP goal kick (15s) [sanity: expect ~0],887,0.08906426155580609,0.06313416009019165
2015213,1803,63 DEFENDING corner | delivery moment (-2s..+1s),31,0.9032258064516129,0.5483870967741935
2015213,1803,72 OWN goal kick | strike moment (-2s..+0.5s),187,0.6149732620320856,0.3850267379679144
2015213,1803,73 OPP goal kick | strike moment [sanity: expect ~0],104,0.0,0.0
2015213,4177,00 baseline (all live frames),48542,0.15594742697045857,0.10327139384450579
2015213,4177,10 OPP poss | ball in own half,5590,0.3745974955277281,0.2565295169946333
2015213,4177,11 OPP poss | ball in own def third (<35m),3183,0.5818410304743952,0.38956958843858
2015213,4177,12 OPP poss | ball in own penalty area,532,0.8402255639097744,0.4473684210526316
2015213,4177,"13 OPP poss | ball 35-52m (own half, beyond third)",2407,0.10054009140008309,0.0805982550893228
2015213,4177,40 OWN poss | ball in own def third (<35m),5046,0.4780023781212842,0.36424891002774473
2015213,4177,41 OWN poss | ball in own penalty area,1256,0.7277070063694268,0.5477707006369427
2015213,4177,42 OWN poss | ball in opp half,6077,0.0,0.0
2015213,4177,2x OPP phase=direct | ball <35m,489,0.3946830265848671,0.25971370143149286
2015213,4177,2x OPP phase=finish | ball <35m,1286,0.6127527216174183,0.4152410575427683
2015213,4177,2x OPP phase=create | ball <35m,1198,0.7045075125208681,0.5492487479131887
2015213,4177,2x OPP phase=chaotic | ball <35m,2400,0.3770833333333333,0.16375
2015213,4177,2x OPP phase=build_up | ball <35m,86,0.3953488372093023,0.0
2015213,4177,2x OPP phase=quick_break | ball <35m,714,0.453781512605042,0.24089635854341737
2015213,4177,2x OPP phase=set_play | ball <35m,288,0.4166666666666667,0.12152777777777778
2015213,4177,2x OPP phase=transition | ball <35m,593,0.684654300168634,0.209106239460371
2015213,4177,3x OWN block=high_block | ball in own half,280,0.12142857142857143,0.0
2015213,4177,3x OWN block=defending_direct | ball in own half,881,0.2667423382519864,0.19182746878547105
2015213,4177,3x OWN block=chaotic | ball in own half,3424,0.27453271028037385,0.12120327102803738
2015213,4177,3x OWN block=medium_block | ball in own half,2407,0.3805567095970087,0.29206481096800996
2015213,4177,3x OWN block=low_block | ball in own half,1814,0.4729878721058434,0.32083792723263505
2015213,4177,3x OWN block=defending_quick_break | ball in own half,849,0.41578327444051827,0.23674911660777384
2015213,4177,3x OWN block=defending_set_play | ball in own half,357,0.33613445378151263,0.09803921568627451
2015213,4177,3x OWN block=defending_transition | ball in own half,641,0.6333853354134166,0.1934477379095164
2015213,4177,5x OWN phase=create | ball <35m,1843,0.27075420510037984,0.17580032555615843
2015213,4177,5x OWN phase=direct | ball <35m,391,0.6828644501278772,0.5575447570332481
2015213,4177,5x OWN phase=chaotic | ball <35m,1304,0.2837423312883436,0.20552147239263804
2015213,4177,5x OWN phase=build_up | ball <35m,2759,0.5534613990576296,0.42080463936208773
2015213,4177,5x OWN phase=disruption | ball <35m,393,0.6768447837150128,0.5877862595419847
2015213,4177,5x OWN phase=transition | ball <35m,144,0.6111111111111112,0.4722222222222222
2015213,4177,5x OWN phase=finish | ball <35m,5,0.4,0.0
2015213,4177,60 DEFENDING corner (15s),314,0.5732484076433121,0.33121019108280253
2015213,4177,60b DEFENDING corner (first 5s),150,0.84,0.3333333333333333
2015213,4177,60c DEFENDING corner | ball in own box,152,0.5,0.0
2015213,4177,61 DEFENDING free kick in own half (15s),1068,0.3389513108614232,0.22940074906367042
2015213,4177,61b DEFENDING free kick <35m (15s),481,0.5592515592515592,0.3201663201663202
2015213,4177,62 DEFENDING throw-in in own third (15s),889,0.5208098987626547,0.3363329583802025
2015213,4177,70 OWN goal kick (15s),887,0.07328072153325817,0.07328072153325817
2015213,4177,70b OWN goal kick (first 5s),300,0.0,0.0
2015213,4177,71 OPP goal kick (15s) [sanity: expect ~0],1200,0.0016666666666666668,0.0016666666666666668
2015213,4177,63 DEFENDING corner | delivery moment (-2s..+1s),93,0.4946236559139785,0.0
2015213,4177,72 OWN goal kick | strike moment (-2s..+0.5s),104,0.3173076923076923,0.3173076923076923
2015213,4177,73 OPP goal kick | strike moment [sanity: expect ~0],187,0.0,0.0
2017461,868,00 baseline (all live frames),40404,0.15394515394515396,0.10914760914760915
2017461,868,10 OPP poss | ball in own half,5589,0.38629450706745394,0.2721417069243156
2017461,868,11 OPP poss | ball in own def third (<35m),3264,0.5845588235294118,0.4068627450980392
2017461,868,12 OPP poss | ball in own penalty area,686,0.8600583090379009,0.5641399416909622
2017461,868,"13 OPP poss | ball 35-52m (own half, beyond third)",2325,0.10795698924731183,0.08301075268817204
2017461,868,40 OWN poss | ball in own def third (<35m),4105,0.3861144945188794,0.28526187576126677
2017461,868,41 OWN poss | ball in own penalty area,687,0.6972343522561864,0.3653566229985444
2017461,868,42 OWN poss | ball in opp half,8982,0.00055666889334224,0.00055666889334224
2017461,868,2x OPP phase=transition | ball <35m,1032,0.6560077519379846,0.5164728682170543
2017461,868,2x OPP phase=create | ball <35m,586,0.3822525597269625,0.18430034129692832
2017461,868,2x OPP phase=chaotic | ball <35m,1577,0.6328471781864299,0.4755865567533291
2017461,868,2x OPP phase=finish | ball <35m,2371,0.40953184310417545,0.3247574862927035
2017461,868,2x OPP phase=set_play | ball <35m,586,0.3771331058020478,0.13310580204778158
2017461,868,2x OPP phase=quick_break | ball <35m,324,0.43209876543209874,0.41975308641975306
2017461,868,2x OPP phase=direct | ball <35m,152,0.0,0.0
2017461,868,2x OPP phase=disruption | ball <35m,25,0.0,0.0
2017461,868,3x OWN block=chaotic | ball in own half,2794,0.4677881173944166,0.3586256263421618
2017461,868,3x OWN block=disruption | ball in own half,83,0.0,0.0
2017461,868,3x OWN block=defending_transition | ball in own half,1323,0.5328798185941043,0.42252456538170824
2017461,868,3x OWN block=medium_block | ball in own half,1805,0.15844875346260387,0.09418282548476455
2017461,868,3x OWN block=defending_direct | ball in own half,264,0.011363636363636364,0.011363636363636364
2017461,868,3x OWN block=high_block | ball in own half,18,0.0,0.0
2017461,868,3x OWN block=low_block | ball in own half,2824,0.35410764872521244,0.28293201133144474
2017461,868,3x OWN block=defending_set_play | ball in own half,605,0.3652892561983471,0.12892561983471074
2017461,868,3x OWN block=defending_quick_break | ball in own half,430,0.4116279069767442,0.386046511627907
2017461,868,5x OWN phase=create | ball <35m,1628,0.19533169533169534,0.13513513513513514
2017461,868,5x OWN phase=direct | ball <35m,548,0.23357664233576642,0.15875912408759124
2017461,868,5x OWN phase=chaotic | ball <35m,2328,0.4020618556701031,0.24312714776632302
2017461,868,5x OWN phase=build_up | ball <35m,1294,0.526275115919629,0.294435857805255
2017461,868,5x OWN phase=transition | ball <35m,110,0.44545454545454544,0.39090909090909093
2017461,868,5x OWN phase=disruption | ball <35m,117,0.36752136752136755,0.23931623931623933
2017461,868,5x OWN phase=finish | ball <35m,1,0.0,0.0
2017461,868,60 DEFENDING corner (15s),485,0.2515463917525773,0.16494845360824742
2017461,868,60b DEFENDING corner (first 5s),200,0.575,0.365
2017461,868,60c DEFENDING corner | ball in own box,139,0.5251798561151079,0.2589928057553957
2017461,868,61 DEFENDING free kick in own half (15s),752,0.35771276595744683,0.26728723404255317
2017461,868,61b DEFENDING free kick <35m (15s),589,0.4312393887945671,0.3157894736842105
2017461,868,62 DEFENDING throw-in in own third (15s),1555,0.4630225080385852,0.30996784565916397
2017461,868,70 OWN goal kick (15s),965,0.3533678756476684,0.29430051813471503
2017461,868,70b OWN goal kick (first 5s),350,0.2885714285714286,0.25142857142857145
2017461,868,71 OPP goal kick (15s) [sanity: expect ~0],445,0.1707865168539326,0.017977528089887642
2017461,868,63 DEFENDING corner | delivery moment (-2s..+1s),122,0.5409836065573771,0.18032786885245902
2017461,868,72 OWN goal kick | strike moment (-2s..+0.5s),78,0.6666666666666666,0.6666666666666666
2017461,868,73 OPP goal kick | strike moment [sanity: expect ~0],52,0.0,0.0
2017461,4177,00 baseline (all live frames),40404,0.16052866052866052,0.12181962181962182
2017461,4177,10 OPP poss | ball in own half,8979,0.3936964027174518,0.3317741396592048
2017461,4177,11 OPP poss | ball in own def third (<35m),4711,0.6143069412014435,0.5100827849713436
2017461,4177,12 OPP poss | ball in own penalty area,755,0.8225165562913908,0.6490066225165563
2017461,4177,"13 OPP poss | ball 35-52m (own half, beyond third)",4268,0.1501874414245548,0.13495782567947517
2017461,4177,40 OWN poss | ball in own def third (<35m),2929,0.4499829293274155,0.29498122226015705
2017461,4177,41 OWN poss | ball in own penalty area,487,0.9630390143737166,0.6139630390143738
2017461,4177,42 OWN poss | ball in opp half,5591,0.0012520121624038634,0.0010731532820604543
2017461,4177,2x OPP phase=direct | ball <35m,129,0.7984496124031008,0.6124031007751938
2017461,4177,2x OPP phase=finish | ball <35m,4645,0.5293864370290635,0.4161463939720129
2017461,4177,2x OPP phase=chaotic | ball <35m,1431,0.352900069881202,0.22641509433962265
2017461,4177,2x OPP phase=transition | ball <35m,424,0.419811320754717,0.27122641509433965
2017461,4177,2x OPP phase=create | ball <35m,484,0.3119834710743802,0.29545454545454547
2017461,4177,2x OPP phase=build_up | ball <35m,194,0.7164948453608248,0.35051546391752575
2017461,4177,2x OPP phase=set_play | ball <35m,185,0.8486486486486486,0.5513513513513514
2017461,4177,2x OPP phase=quick_break | ball <35m,168,0.23809523809523808,0.05952380952380952
2017461,4177,3x OWN block=medium_block | ball in own half,2207,0.14861803352967828,0.13774354327140914
2017461,4177,3x OWN block=defending_direct | ball in own half,325,0.5292307692307693,0.4276923076923077
2017461,4177,3x OWN block=low_block | ball in own half,6089,0.4465429462966004,0.3550665133847922
2017461,4177,3x OWN block=chaotic | ball in own half,2200,0.2540909090909091,0.17181818181818181
2017461,4177,3x OWN block=high_block | ball in own half,417,0.37410071942446044,0.16786570743405277
2017461,4177,3x OWN block=defending_transition | ball in own half,676,0.3047337278106509,0.1849112426035503
2017461,4177,3x OWN block=defending_set_play | ball in own half,201,0.7910447761194029,0.5074626865671642
2017461,4177,3x OWN block=defending_quick_break | ball in own half,184,0.21739130434782608,0.05434782608695652
2017461,4177,5x OWN phase=chaotic | ball <35m,1016,0.5,0.36023622047244097
2017461,4177,5x OWN phase=disruption | ball <35m,688,0.6177325581395349,0.5537790697674418
2017461,4177,5x OWN phase=transition | ball <35m,188,0.8404255319148937,0.6382978723404256
2017461,4177,5x OWN phase=create | ball <35m,910,0.36813186813186816,0.23626373626373626
2017461,4177,5x OWN phase=direct | ball <35m,195,0.4717948717948718,0.37435897435897436
2017461,4177,5x OWN phase=build_up | ball <35m,631,0.4041204437400951,0.26148969889064977
2017461,4177,5x OWN phase=quick_break | ball <35m,14,1.0,0.0
2017461,4177,5x OWN phase=finish | ball <35m,8,0.0,0.0
2017461,4177,60 DEFENDING corner (15s),1200,0.385,0.27166666666666667
2017461,4177,60b DEFENDING corner (first 5s),400,0.575,0.37
2017461,4177,60c DEFENDING corner | ball in own box,143,1.0,0.7272727272727273
2017461,4177,61 DEFENDING free kick in own half (15s),1061,0.22714420358152687,0.20829406220546653
2017461,4177,61b DEFENDING free kick <35m (15s),510,0.3941176470588235,0.3686274509803922
2017461,4177,62 DEFENDING throw-in in own third (15s),1146,0.6291448516579407,0.4956369982547993
2017461,4177,70 OWN goal kick (15s),445,0.25842696629213485,0.2247191011235955
2017461,4177,70b OWN goal kick (first 5s),150,0.14666666666666667,0.09333333333333334
2017461,4177,71 OPP goal kick (15s) [sanity: expect ~0],965,0.0,0.0
2017461,4177,63 DEFENDING corner | delivery moment (-2s..+1s),144,0.5277777777777778,0.0625
2017461,4177,72 OWN goal kick | strike moment (-2s..+0.5s),52,1.0,0.8269230769230769
2017461,4177,73 OPP goal kick | strike moment [sanity: expect ~0],78,0.0,0.0
1874553,1802,00 baseline (all live frames),44244,0.14169152879486485,0.12636741705089954
1874553,1802,10 OPP poss | ball in own half,9001,0.2786357071436507,0.2604155093878458
1874553,1802,11 OPP poss | ball in own def third (<35m),4569,0.5222149266797986,0.489822718319107
1874553,1802,12 OPP poss | ball in own penalty area,890,0.8876404494382022,0.8213483146067416
1874553,1802,"13 OPP poss | ball 35-52m (own half, beyond third)",4432,0.027527075812274367,0.02391696750902527
1874553,1802,40 OWN poss | ball in own def third (<35m),4093,0.48155387246518444,0.41778646469582215
1874553,1802,41 OWN poss | ball in own penalty area,1181,0.7485182049110923,0.6359017781541066
1874553,1802,42 OWN poss | ball in opp half,5933,0.0,0.0
1874553,1802,2x OPP phase=chaotic | ball <35m,739,0.2598105548037889,0.19215155615696888
1874553,1802,2x OPP phase=finish | ball <35m,7042,0.4274353876739563,0.3878159613746095
1874553,1802,2x OPP phase=direct | ball <35m,293,0.5085324232081911,0.41638225255972694
1874553,1802,2x OPP phase=quick_break | ball <35m,421,0.5344418052256532,0.5320665083135392
1874553,1802,2x OPP phase=create | ball <35m,580,0.12241379310344827,0.0706896551724138
1874553,1802,2x OPP phase=set_play | ball <35m,452,0.3893805309734513,0.36283185840707965
1874553,1802,2x OPP phase=transition | ball <35m,257,0.45525291828793774,0.4357976653696498
1874553,1802,3x OWN block=chaotic | ball in own half,1254,0.16507177033492823,0.11802232854864433
1874553,1802,3x OWN block=low_block | ball in own half,9329,0.3276878550755708,0.2970307642834173
1874553,1802,3x OWN block=medium_block | ball in own half,2801,0.03820064262763299,0.027490182077829346
1874553,1802,3x OWN block=high_block | ball in own half,21,0.09523809523809523,0.09523809523809523
1874553,1802,3x OWN block=defending_direct | ball in own half,499,0.3406813627254509,0.2865731462925852
1874553,1802,3x OWN block=defending_quick_break | ball in own half,524,0.42938931297709926,0.42748091603053434
1874553,1802,3x OWN block=defending_transition | ball in own half,346,0.33815028901734107,0.3236994219653179
1874553,1802,3x OWN block=defending_set_play | ball in own half,461,0.38177874186550975,0.3557483731019523
1874553,1802,5x OWN phase=create | ball <35m,831,0.28760529482551145,0.2779783393501805
1874553,1802,5x OWN phase=chaotic | ball <35m,1112,0.3893884892086331,0.302158273381295
1874553,1802,5x OWN phase=build_up | ball <35m,1945,0.6107969151670951,0.5604113110539846
1874553,1802,5x OWN phase=direct | ball <35m,299,0.5819397993311036,0.431438127090301
1874553,1802,5x OWN phase=transition | ball <35m,70,0.7428571428571429,0.7428571428571429
1874553,1802,5x OWN phase=disruption | ball <35m,55,0.5272727272727272,0.43636363636363634
1874553,1802,60 DEFENDING corner (15s),481,0.32432432432432434,0.288981288981289
1874553,1802,60b DEFENDING corner (first 5s),200,0.705,0.64
1874553,1802,60c DEFENDING corner | ball in own box,265,0.2679245283018868,0.2037735849056604
1874553,1802,61 DEFENDING free kick in own half (15s),512,0.169921875,0.162109375
1874553,1802,61b DEFENDING free kick <35m (15s),187,0.41711229946524064,0.39572192513368987
1874553,1802,62 DEFENDING throw-in in own third (15s),1310,0.2641221374045801,0.22366412213740458
1874553,1802,70 OWN goal kick (15s),1788,0.26677852348993286,0.24720357941834453
1874553,1802,70b OWN goal kick (first 5s),642,0.46261682242990654,0.40809968847352024
1874553,1802,71 OPP goal kick (15s) [sanity: expect ~0],870,0.01839080459770115,0.014942528735632184
1874553,1802,63 DEFENDING corner | delivery moment (-2s..+1s),100,0.74,0.74
1874553,1802,72 OWN goal kick | strike moment (-2s..+0.5s),214,0.2523364485981308,0.19158878504672897
1874553,1802,73 OPP goal kick | strike moment [sanity: expect ~0],90,0.0,0.0
1874553,866,00 baseline (all live frames),44244,0.15669921345267154,0.13821083084712052
1874553,866,10 OPP poss | ball in own half,5931,0.3832406002360479,0.36199629067610856
1874553,866,11 OPP poss | ball in own def third (<35m),3482,0.6312464101091326,0.5950603101665709
1874553,866,12 OPP poss | ball in own penalty area,718,0.9178272980501393,0.8537604456824512
1874553,866,"13 OPP poss | ball 35-52m (own half, beyond third)",2449,0.030624744793793384,0.030624744793793384
1874553,866,40 OWN poss | ball in own def third (<35m),5292,0.5156840513983371,0.4614512471655329
1874553,866,41 OWN poss | ball in own penalty area,1176,0.8129251700680272,0.7108843537414966
1874553,866,42 OWN poss | ball in opp half,9003,0.00022214817283127845,0.0
1874553,866,2x OPP phase=finish | ball <35m,3280,0.5875,0.5225609756097561
1874553,866,2x OPP phase=chaotic | ball <35m,1614,0.5297397769516728,0.4857496902106567
1874553,866,2x OPP phase=create | ball <35m,345,0.2985507246376812,0.2927536231884058
1874553,866,2x OPP phase=set_play | ball <35m,521,0.4779270633397313,0.3877159309021113
1874553,866,2x OPP phase=transition | ball <35m,263,0.532319391634981,0.532319391634981
1874553,866,2x OPP phase=direct | ball <35m,130,0.5153846153846153,0.34615384615384615
1874553,866,2x OPP phase=quick_break | ball <35m,287,0.554006968641115,0.2787456445993031
1874553,866,3x OWN block=medium_block | ball in own half,1611,0.074487895716946,0.07076350093109869
1874553,866,3x OWN block=low_block | ball in own half,3860,0.5124352331606218,0.45362694300518136
1874553,866,3x OWN block=chaotic | ball in own half,2306,0.37294015611448394,0.34215091066782305
1874553,866,3x OWN block=high_block | ball in own half,226,0.0,0.0
1874553,866,3x OWN block=defending_direct | ball in own half,271,0.25092250922509224,0.16974169741697417
1874553,866,3x OWN block=defending_transition | ball in own half,398,0.35175879396984927,0.35175879396984927
1874553,866,3x OWN block=defending_set_play | ball in own half,617,0.42949756888168555,0.353322528363047
1874553,866,3x OWN block=defending_quick_break | ball in own half,292,0.5445205479452054,0.273972602739726
1874553,866,5x OWN phase=chaotic | ball <35m,1696,0.4498820754716981,0.3319575471698113
1874553,866,5x OWN phase=create | ball <35m,1737,0.3471502590673575,0.3465745538284398
1874553,866,5x OWN phase=build_up | ball <35m,2168,0.5682656826568265,0.5276752767527675
1874553,866,5x OWN phase=direct | ball <35m,314,0.7356687898089171,0.6878980891719745
1874553,866,5x OWN phase=finish | ball <35m,4,0.5,0.0
1874553,866,5x OWN phase=disruption | ball <35m,135,0.6592592592592592,0.4888888888888889
1874553,866,5x OWN phase=transition | ball <35m,87,0.4942528735632184,0.4482758620689655
1874553,866,60 DEFENDING corner (15s),450,0.52,0.4533333333333333
1874553,866,60b DEFENDING corner (first 5s),150,0.37333333333333335,0.22666666666666666
1874553,866,60c DEFENDING corner | ball in own box,78,0.9487179487179487,0.6923076923076923
1874553,866,61 DEFENDING free kick in own half (15s),886,0.2020316027088036,0.16817155756207675
1874553,866,61b DEFENDING free kick <35m (15s),555,0.3225225225225225,0.26846846846846845
1874553,866,62 DEFENDING throw-in in own third (15s),834,0.6354916067146283,0.5551558752997602
1874553,866,70 OWN goal kick (15s),870,0.34597701149425286,0.3252873563218391
1874553,866,70b OWN goal kick (first 5s),300,0.5833333333333334,0.53
1874553,866,71 OPP goal kick (15s) [sanity: expect ~0],1788,0.06823266219239374,0.0436241610738255
1874553,866,63 DEFENDING corner | delivery moment (-2s..+1s),93,0.8279569892473119,0.3118279569892473
1874553,866,72 OWN goal kick | strike moment (-2s..+0.5s),90,0.7222222222222222,0.7222222222222222
1874553,866,73 OPP goal kick | strike moment [sanity: expect ~0],214,0.0,0.0
1927964,2902,00 baseline (all live frames),44759,0.19142518823030005,0.15862731517683595
1927964,2902,10 OPP poss | ball in own half,8174,0.3770491803278688,0.35319305113775384
1927964,2902,11 OPP poss | ball in own def third (<35m),3548,0.6685456595264938,0.6282412626832018
1927964,2902,12 OPP poss | ball in own penalty area,806,0.78287841191067,0.728287841191067
1927964,2902,"13 OPP poss | ball 35-52m (own half, beyond third)",4626,0.15348032857760485,0.1422395157803718
1927964,2902,40 OWN poss | ball in own def third (<35m),6758,0.5392127848475881,0.4273453684522048
1927964,2902,41 OWN poss | ball in own penalty area,1013,0.8084896347482725,0.6199407699901284
1927964,2902,42 OWN poss | ball in opp half,7247,0.0,0.0
1927964,2902,2x OPP phase=direct | ball <35m,264,0.45075757575757575,0.45075757575757575
1927964,2902,2x OPP phase=finish | ball <35m,3379,0.5836046167505179,0.5217519976324356
1927964,2902,2x OPP phase=chaotic | ball <35m,620,0.31129032258064515,0.22419354838709676
1927964,2902,2x OPP phase=create | ball <35m,291,0.140893470790378,0.140893470790378
1927964,2902,2x OPP phase=transition | ball <35m,748,0.6163101604278075,0.3649732620320856
1927964,2902,2x OPP phase=set_play | ball <35m,563,0.5896980461811723,0.38543516873889877
1927964,2902,2x OPP phase=quick_break | ball <35m,183,0.819672131147541,0.7650273224043715
1927964,2902,3x OWN block=chaotic | ball in own half,852,0.22769953051643194,0.16314553990610328
1927964,2902,3x OWN block=defending_direct | ball in own half,374,0.35294117647058826,0.3449197860962567
1927964,2902,3x OWN block=medium_block | ball in own half,2314,0.07130509939498704,0.06871218668971478
1927964,2902,3x OWN block=low_block | ball in own half,5490,0.4493624772313297,0.4058287795992714
1927964,2902,3x OWN block=high_block | ball in own half,111,0.14414414414414414,0.14414414414414414
1927964,2902,3x OWN block=defending_transition | ball in own half,1087,0.44158233670653174,0.2686292548298068
1927964,2902,3x OWN block=defending_set_play | ball in own half,631,0.6053882725832013,0.40729001584786056
1927964,2902,3x OWN block=defending_quick_break | ball in own half,191,0.7853403141361257,0.7329842931937173
1927964,2902,5x OWN phase=create | ball <35m,3172,0.4271752837326608,0.37011349306431274
1927964,2902,5x OWN phase=build_up | ball <35m,3415,0.6734992679355783,0.5142020497803806
1927964,2902,5x OWN phase=transition | ball <35m,97,0.4948453608247423,0.4742268041237113
1927964,2902,5x OWN phase=direct | ball <35m,95,0.9473684210526315,0.3473684210526316
1927964,2902,5x OWN phase=chaotic | ball <35m,679,0.34167893961708395,0.3004418262150221
1927964,2902,5x OWN phase=disruption | ball <35m,62,0.7580645161290323,0.7580645161290323
1927964,2902,5x OWN phase=finish | ball <35m,10,0.0,0.0
1927964,2902,60 DEFENDING corner (15s),504,0.5734126984126984,0.503968253968254
1927964,2902,60b DEFENDING corner (first 5s),250,0.66,0.52
1927964,2902,60c DEFENDING corner | ball in own box,305,0.5475409836065573,0.43278688524590164
1927964,2902,61 DEFENDING free kick in own half (15s),408,0.41911764705882354,0.41911764705882354
1927964,2902,61b DEFENDING free kick <35m (15s),194,0.6288659793814433,0.6288659793814433
1927964,2902,62 DEFENDING throw-in in own third (15s),66,0.015151515151515152,0.015151515151515152
1927964,2902,70 OWN goal kick (15s),1050,0.379047619047619,0.3019047619047619
1927964,2902,70b OWN goal kick (first 5s),350,0.7114285714285714,0.54
1927964,2902,71 OPP goal kick (15s) [sanity: expect ~0],1200,0.030833333333333334,0.030833333333333334
1927964,2902,63 DEFENDING corner | delivery moment (-2s..+1s),124,0.8629032258064516,0.1532258064516129
1927964,2902,72 OWN goal kick | strike moment (-2s..+0.5s),103,0.07766990291262135,0.06796116504854369
1927964,2902,73 OPP goal kick | strike moment [sanity: expect ~0],130,0.0,0.0
1927964,867,00 baseline (all live frames),44759,0.14068678924908956,0.13170535534752786
1927964,867,10 OPP poss | ball in own half,7247,0.41865599558437977,0.3994756450945219
1927964,867,11 OPP poss | ball in own def third (<35m),4342,0.6310456011054814,0.603869184707508
1927964,867,12 OPP poss | ball in own penalty area,1006,0.8479125248508946,0.8240556660039762
1927964,867,"13 OPP poss | ball 35-52m (own half, beyond third)",2905,0.10120481927710843,0.09397590361445783
1927964,867,40 OWN poss | ball in own def third (<35m),4669,0.46541015206682373,0.42857142857142855
1927964,867,41 OWN poss | ball in own penalty area,1045,0.8421052631578947,0.7320574162679426
1927964,867,42 OWN poss | ball in opp half,8177,0.0,0.0
1927964,867,2x OPP phase=direct | ball <35m,53,1.0,0.9056603773584906
1927964,867,2x OPP phase=finish | ball <35m,4756,0.5841042893187552,0.5500420521446594
1927964,867,2x OPP phase=create | ball <35m,120,0.575,0.575
1927964,867,2x OPP phase=transition | ball <35m,131,0.4580152671755725,0.4580152671755725
1927964,867,2x OPP phase=chaotic | ball <35m,489,0.35787321063394684,0.32515337423312884
1927964,867,2x OPP phase=quick_break | ball <35m,397,0.818639798488665,0.818639798488665
1927964,867,2x OPP phase=set_play | ball <35m,37,0.918918918918919,0.7297297297297297
1927964,867,3x OWN block=medium_block | ball in own half,1643,0.06390748630553865,0.06390748630553865
1927964,867,3x OWN block=defending_direct | ball in own half,112,0.8303571428571429,0.7857142857142857
1927964,867,3x OWN block=low_block | ball in own half,5907,0.5071948535635686,0.4779075672930422
1927964,867,3x OWN block=high_block | ball in own half,153,0.0,0.0
1927964,867,3x OWN block=defending_transition | ball in own half,295,0.2033898305084746,0.2033898305084746
1927964,867,3x OWN block=chaotic | ball in own half,1078,0.20593692022263452,0.18645640074211503
1927964,867,3x OWN block=defending_quick_break | ball in own half,453,0.7417218543046358,0.7417218543046358
1927964,867,3x OWN block=defending_set_play | ball in own half,37,0.918918918918919,0.7297297297297297
1927964,867,5x OWN phase=chaotic | ball <35m,532,0.4116541353383459,0.3815789473684211
1927964,867,5x OWN phase=direct | ball <35m,427,0.1592505854800937,0.1592505854800937
1927964,867,5x OWN phase=create | ball <35m,1632,0.23284313725490197,0.22365196078431374
1927964,867,5x OWN phase=build_up | ball <35m,2248,0.6263345195729537,0.5631672597864769
1927964,867,5x OWN phase=transition | ball <35m,213,0.45539906103286387,0.45539906103286387
1927964,867,5x OWN phase=disruption | ball <35m,102,0.5588235294117647,0.5294117647058824
1927964,867,61 DEFENDING free kick in own half (15s),497,0.2857142857142857,0.2716297786720322
1927964,867,61b DEFENDING free kick <35m (15s),342,0.3742690058479532,0.3538011695906433
1927964,867,62 DEFENDING throw-in in own third (15s),958,0.6064718162839249,0.5782881002087683
1927964,867,70 OWN goal kick (15s),1200,0.415,0.35083333333333333
1927964,867,70b OWN goal kick (first 5s),400,0.79,0.6075
1927964,867,71 OPP goal kick (15s) [sanity: expect ~0],1050,0.07904761904761905,0.07904761904761905
1927964,867,72 OWN goal kick | strike moment (-2s..+0.5s),130,0.823076923076923,0.7769230769230769
1927964,867,73 OPP goal kick | strike moment [sanity: expect ~0],103,0.0,0.0
1959846,868,00 baseline (all live frames),42739,0.21895692458878308,0.1792508013757926
1959846,868,10 OPP poss | ball in own half,8139,0.40656100258016953,0.3561862636687554
1959846,868,11 OPP poss | ball in own def third (<35m),4839,0.6203761107666873,0.5393676379417235
1959846,868,12 OPP poss | ball in own penalty area,1038,0.8400770712909441,0.6936416184971098
1959846,868,"13 OPP poss | ball 35-52m (own half, beyond third)",3300,0.09303030303030303,0.08757575757575757
1959846,868,40 OWN poss | ball in own def third (<35m),4805,0.6399583766909469,0.5590010405827264
1959846,868,41 OWN poss | ball in own penalty area,1356,0.8672566371681416,0.7057522123893806
1959846,868,42 OWN poss | ball in opp half,7032,0.0001422070534698521,0.0
1959846,868,2x OPP phase=create | ball <35m,636,0.5,0.43238993710691825
1959846,868,2x OPP phase=chaotic | ball <35m,443,0.42437923250564336,0.4108352144469526
1959846,868,2x OPP phase=finish | ball <35m,6679,0.5720916304836053,0.462793831411888
1959846,868,2x OPP phase=build_up | ball <35m,246,0.5609756097560976,0.4349593495934959
1959846,868,2x OPP phase=quick_break | ball <35m,110,0.1,0.1
1959846,868,2x OPP phase=transition | ball <35m,414,0.45410628019323673,0.39371980676328505
1959846,868,2x OPP phase=direct | ball <35m,99,0.20202020202020202,0.20202020202020202
1959846,868,2x OPP phase=set_play | ball <35m,538,0.7472118959107806,0.6263940520446096
1959846,868,3x OWN block=medium_block | ball in own half,2019,0.254581475978207,0.23080733036156514
1959846,868,3x OWN block=chaotic | ball in own half,942,0.24309978768577495,0.2367303609341826
1959846,868,3x OWN block=low_block | ball in own half,7815,0.510556621880998,0.41561100447856686
1959846,868,3x OWN block=high_block | ball in own half,525,0.4438095238095238,0.38476190476190475
1959846,868,3x OWN block=defending_direct | ball in own half,168,0.11904761904761904,0.11904761904761904
1959846,868,3x OWN block=defending_quick_break | ball in own half,165,0.06666666666666667,0.06666666666666667
1959846,868,3x OWN block=defending_transition | ball in own half,626,0.3083067092651757,0.268370607028754
1959846,868,3x OWN block=defending_set_play | ball in own half,541,0.7430683918669131,0.6229205175600739
1959846,868,5x OWN phase=build_up | ball <35m,2859,0.5393494228751312,0.45190626093039526
1959846,868,5x OWN phase=chaotic | ball <35m,1168,0.5676369863013698,0.5333904109589042
1959846,868,5x OWN phase=direct | ball <35m,186,0.9247311827956989,0.6989247311827957
1959846,868,5x OWN phase=create | ball <35m,1882,0.4500531349628055,0.28108395324123275
1959846,868,5x OWN phase=transition | ball <35m,182,0.6923076923076923,0.6923076923076923
1959846,868,5x OWN phase=finish | ball <35m,3,0.0,0.0
1959846,868,5x OWN phase=disruption | ball <35m,59,0.7966101694915254,0.7966101694915254
1959846,868,60 DEFENDING corner (15s),900,0.5188888888888888,0.4088888888888889
1959846,868,60b DEFENDING corner (first 5s),350,0.6457142857142857,0.44571428571428573
1959846,868,60c DEFENDING corner | ball in own box,325,0.6461538461538462,0.49846153846153846
1959846,868,61 DEFENDING free kick in own half (15s),799,0.4530663329161452,0.3879849812265332
1959846,868,61b DEFENDING free kick <35m (15s),586,0.5819112627986348,0.5017064846416383
1959846,868,62 DEFENDING throw-in in own third (15s),1368,0.5102339181286549,0.44956140350877194
1959846,868,70 OWN goal kick (15s),750,0.31866666666666665,0.228
1959846,868,70b OWN goal kick (first 5s),250,0.584,0.372
1959846,868,71 OPP goal kick (15s) [sanity: expect ~0],900,0.06333333333333334,0.034444444444444444
1959846,868,63 DEFENDING corner | delivery moment (-2s..+1s),148,0.9324324324324325,0.44594594594594594
1959846,868,72 OWN goal kick | strike moment (-2s..+0.5s),52,1.0,0.5
1959846,868,73 OPP goal kick | strike moment [sanity: expect ~0],26,0.0,0.0
1959846,1803,00 baseline (all live frames),42739,0.20538618123961722,0.17087437703268676
1959846,1803,10 OPP poss | ball in own half,7029,0.49167733674775926,0.4350547730829421
1959846,1803,11 OPP poss | ball in own def third (<35m),3868,0.734746639089969,0.6465873836608066
1959846,1803,12 OPP poss | ball in own penalty area,795,0.9333333333333333,0.7924528301886793
1959846,1803,"13 OPP poss | ball 35-52m (own half, beyond third)",3161,0.19424232837709585,0.1762100601075609
1959846,1803,40 OWN poss | ball in own def third (<35m),4016,0.7527390438247012,0.6162848605577689
1959846,1803,41 OWN poss | ball in own penalty area,864,0.9120370370370371,0.6666666666666666
1959846,1803,42 OWN poss | ball in opp half,8140,0.0,0.0
1959846,1803,2x OPP phase=chaotic | ball <35m,209,0.5933014354066986,0.5550239234449761
1959846,1803,2x OPP phase=finish | ball <35m,3801,0.6390423572744015,0.5317021836358853
1959846,1803,2x OPP phase=create | ball <35m,923,0.4582881906825569,0.3434452871072589
1959846,1803,2x OPP phase=quick_break | ball <35m,365,0.7753424657534247,0.7315068493150685
1959846,1803,2x OPP phase=direct | ball <35m,267,0.5543071161048689,0.5280898876404494
1959846,1803,2x OPP phase=transition | ball <35m,463,0.693304535637149,0.45788336933045354
1959846,1803,2x OPP phase=build_up | ball <35m,17,0.5882352941176471,0.0
1959846,1803,2x OPP phase=disruption | ball <35m,36,1.0,0.3055555555555556
1959846,1803,3x OWN block=high_block | ball in own half,247,0.04048582995951417,0.0
1959846,1803,3x OWN block=chaotic | ball in own half,460,0.30217391304347824,0.2847826086956522
1959846,1803,3x OWN block=defending_direct | ball in own half,394,0.41116751269035534,0.38578680203045684
1959846,1803,3x OWN block=low_block | ball in own half,4865,0.5771839671120247,0.48633093525179855
1959846,1803,3x OWN block=medium_block | ball in own half,2938,0.236215112321307,0.17733151803948263
1959846,1803,3x OWN block=defending_quick_break | ball in own half,501,0.6646706586826348,0.6327345309381237
1959846,1803,3x OWN block=defending_transition | ball in own half,621,0.573268921095008,0.3719806763285024
1959846,1803,3x OWN block=disruption | ball in own half,36,1.0,0.3055555555555556
1959846,1803,5x OWN phase=chaotic | ball <35m,881,0.735527809307605,0.5754824063564131
1959846,1803,5x OWN phase=build_up | ball <35m,2502,0.8213429256594724,0.6938449240607514
1959846,1803,5x OWN phase=create | ball <35m,779,0.472400513478819,0.4197689345314506
1959846,1803,5x OWN phase=direct | ball <35m,109,0.9724770642201835,0.6605504587155964
1959846,1803,5x OWN phase=transition | ball <35m,193,0.5284974093264249,0.47150259067357514
1959846,1803,5x OWN phase=disruption | ball <35m,81,0.9259259259259259,0.49382716049382713
1959846,1803,5x OWN phase=finish | ball <35m,42,0.23809523809523808,0.23809523809523808
1959846,1803,60 DEFENDING corner (15s),425,0.6164705882352941,0.2447058823529412
1959846,1803,60b DEFENDING corner (first 5s),150,0.84,0.34
1959846,1803,60c DEFENDING corner | ball in own box,124,0.8951612903225806,0.5080645161290323
1959846,1803,61 DEFENDING free kick in own half (15s),1203,0.3349958437240233,0.29177057356608477
1959846,1803,61b DEFENDING free kick <35m (15s),678,0.4144542772861357,0.3421828908554572
1959846,1803,62 DEFENDING throw-in in own third (15s),744,0.6814516129032258,0.6129032258064516
1959846,1803,70 OWN goal kick (15s),900,0.5577777777777778,0.45222222222222225
1959846,1803,70b OWN goal kick (first 5s),300,0.9366666666666666,0.6933333333333334
1959846,1803,71 OPP goal kick (15s) [sanity: expect ~0],750,0.004,0.004
1959846,1803,63 DEFENDING corner | delivery moment (-2s..+1s),84,0.7976190476190477,0.20238095238095238
1959846,1803,72 OWN goal kick | strike moment (-2s..+0.5s),26,1.0,0.11538461538461539
1959846,1803,73 OPP goal kick | strike moment [sanity: expect ~0],52,0.0,0.0
1986691,2902,00 baseline (all live frames),43076,0.29942427337728666,0.2639056551211812
1986691,2902,10 OPP poss | ball in own half,11045,0.43241285649615213,0.40932548664554097
1986691,2902,11 OPP poss | ball in own def third (<35m),6520,0.6417177914110429,0.6073619631901841
1986691,2902,12 OPP poss | ball in own penalty area,1645,0.7683890577507598,0.705775075987842
1986691,2902,"13 OPP poss | ball 35-52m (own half, beyond third)",4525,0.13082872928176795,0.12397790055248618
1986691,2902,40 OWN poss | ball in own def third (<35m),6624,0.6517210144927537,0.6154891304347826
1986691,2902,41 OWN poss | ball in own penalty area,1320,0.8378787878787879,0.803030303030303
1986691,2902,42 OWN poss | ball in opp half,3923,0.0,0.0
1986691,2902,2x OPP phase=create | ball <35m,322,0.6118012422360248,0.43788819875776397
1986691,2902,2x OPP phase=finish | ball <35m,5290,0.6376181474480151,0.5962192816635161
1986691,2902,2x OPP phase=chaotic | ball <35m,1460,0.45,0.363013698630137
1986691,2902,2x OPP phase=set_play | ball <35m,442,0.5271493212669683,0.4841628959276018
1986691,2902,2x OPP phase=transition | ball <35m,655,0.4870229007633588,0.41068702290076337
1986691,2902,2x OPP phase=direct | ball <35m,111,0.44144144144144143,0.44144144144144143
1986691,2902,2x OPP phase=quick_break | ball <35m,1687,0.5732068761114404,0.4161232957913456
1986691,2902,3x OWN block=chaotic | ball in own half,2202,0.33651226158038144,0.2761126248864669
1986691,2902,3x OWN block=medium_block | ball in own half,2634,0.16059225512528474,0.10971905846621109
1986691,2902,3x OWN block=low_block | ball in own half,7008,0.5509417808219178,0.5165525114155252
1986691,2902,3x OWN block=high_block | ball in own half,15,0.0,0.0
1986691,2902,3x OWN block=defending_set_play | ball in own half,504,0.5238095238095238,0.47023809523809523
1986691,2902,3x OWN block=defending_transition | ball in own half,852,0.4507042253521127,0.35093896713615025
1986691,2902,3x OWN block=defending_direct | ball in own half,226,0.2168141592920354,0.2168141592920354
1986691,2902,3x OWN block=defending_quick_break | ball in own half,1813,0.5339216767788196,0.38720353006067293
1986691,2902,5x OWN phase=create | ball <35m,1676,0.38663484486873506,0.35143198090692124
1986691,2902,5x OWN phase=chaotic | ball <35m,1666,0.6134453781512605,0.5876350540216086
1986691,2902,5x OWN phase=build_up | ball <35m,4379,0.6864580954555835,0.6300525234071706
1986691,2902,5x OWN phase=disruption | ball <35m,1215,0.5794238683127572,0.3950617283950617
1986691,2902,5x OWN phase=transition | ball <35m,249,0.5742971887550201,0.5742971887550201
1986691,2902,5x OWN phase=direct | ball <35m,84,0.6904761904761905,0.6785714285714286
1986691,2902,5x OWN phase=finish | ball <35m,26,0.038461538461538464,0.038461538461538464
1986691,2902,60 DEFENDING corner (15s),374,0.5721925133689839,0.39037433155080214
1986691,2902,60b DEFENDING corner (first 5s),150,0.74,0.66
1986691,2902,60c DEFENDING corner | ball in own box,128,0.6875,0.5703125
1986691,2902,61 DEFENDING free kick in own half (15s),1072,0.5848880597014925,0.5634328358208955
1986691,2902,61b DEFENDING free kick <35m (15s),784,0.6721938775510204,0.6530612244897959
1986691,2902,62 DEFENDING throw-in in own third (15s),1528,0.681282722513089,0.6223821989528796
1986691,2902,70 OWN goal kick (15s),1350,0.30592592592592593,0.30592592592592593
1986691,2902,70b OWN goal kick (first 5s),450,0.29555555555555557,0.29555555555555557
1986691,2902,71 OPP goal kick (15s) [sanity: expect ~0],655,0.17557251908396945,0.16946564885496182
1986691,2902,63 DEFENDING corner | delivery moment (-2s..+1s),93,1.0,0.5161290322580645
1986691,2902,72 OWN goal kick | strike moment (-2s..+0.5s),124,0.5161290322580645,0.4032258064516129
1986691,4177,00 baseline (all live frames),43076,0.10711300956449067,0.09450738230104931
1986691,4177,10 OPP poss | ball in own half,3919,0.45470783363102835,0.4156672620566471
1986691,4177,11 OPP poss | ball in own def third (<35m),2329,0.7312151137827394,0.6668097896092744
1986691,4177,12 OPP poss | ball in own penalty area,382,0.9973821989528796,0.8952879581151832
1986691,4177,"13 OPP poss | ball 35-52m (own half, beyond third)",1590,0.04968553459119497,0.04779874213836478
1986691,4177,40 OWN poss | ball in own def third (<35m),2432,0.47491776315789475,0.4292763157894737
1986691,4177,41 OWN poss | ball in own penalty area,699,0.5622317596566524,0.4406294706723891
1986691,4177,42 OWN poss | ball in opp half,11048,0.0,0.0
1986691,4177,2x OPP phase=create | ball <35m,1002,0.4041916167664671,0.3373253493013972
1986691,4177,2x OPP phase=finish | ball <35m,3031,0.6344440778620917,0.5496535796766744
1986691,4177,2x OPP phase=transition | ball <35m,316,0.6835443037974683,0.5727848101265823
1986691,4177,2x OPP phase=set_play | ball <35m,331,0.7250755287009063,0.5709969788519638
1986691,4177,2x OPP phase=build_up | ball <35m,20,0.95,0.95
1986691,4177,2x OPP phase=chaotic | ball <35m,377,0.3129973474801061,0.30238726790450926
1986691,4177,2x OPP phase=quick_break | ball <35m,166,0.6144578313253012,0.6144578313253012
1986691,4177,2x OPP phase=direct | ball <35m,10,0.8,0.8
1986691,4177,3x OWN block=medium_block | ball in own half,2244,0.19028520499108734,0.16042780748663102
1986691,4177,3x OWN block=chaotic | ball in own half,694,0.17002881844380405,0.1642651296829971
1986691,4177,3x OWN block=low_block | ball in own half,3283,0.5988425220834602,0.5205604629911667
1986691,4177,3x OWN block=high_block | ball in own half,108,0.17592592592592593,0.17592592592592593
1986691,4177,3x OWN block=disruption | ball in own half,6,0.0,0.0
1986691,4177,3x OWN block=defending_transition | ball in own half,449,0.48106904231625836,0.40311804008908686
1986691,4177,3x OWN block=defending_set_play | ball in own half,380,0.6394736842105263,0.5052631578947369
1986691,4177,3x OWN block=defending_direct | ball in own half,37,0.21621621621621623,0.21621621621621623
1986691,4177,3x OWN block=defending_quick_break | ball in own half,187,0.5454545454545454,0.5454545454545454
1986691,4177,5x OWN phase=create | ball <35m,734,0.22615803814713897,0.21798365122615804
1986691,4177,5x OWN phase=build_up | ball <35m,904,0.6559734513274337,0.5873893805309734
1986691,4177,5x OWN phase=disruption | ball <35m,98,0.8469387755102041,0.8469387755102041
1986691,4177,5x OWN phase=transition | ball <35m,204,0.7352941176470589,0.7352941176470589
1986691,4177,5x OWN phase=direct | ball <35m,239,0.2928870292887029,0.2510460251046025
1986691,4177,5x OWN phase=chaotic | ball <35m,839,0.34445768772348034,0.2872467222884386
1986691,4177,60 DEFENDING corner (15s),450,0.4222222222222222,0.3244444444444444
1986691,4177,60b DEFENDING corner (first 5s),150,0.7733333333333333,0.48
1986691,4177,60c DEFENDING corner | ball in own box,34,1.0,1.0
1986691,4177,61 DEFENDING free kick in own half (15s),692,0.36416184971098264,0.34104046242774566
1986691,4177,61b DEFENDING free kick <35m (15s),503,0.45129224652087474,0.4194831013916501
1986691,4177,62 DEFENDING throw-in in own third (15s),679,0.6804123711340206,0.5802650957290133
1986691,4177,70 OWN goal kick (15s),655,0.0,0.0
1986691,4177,70b OWN goal kick (first 5s),250,0.0,0.0
1986691,4177,71 OPP goal kick (15s) [sanity: expect ~0],1350,0.04962962962962963,0.04962962962962963
1986691,4177,63 DEFENDING corner | delivery moment (-2s..+1s),31,1.0,0.6129032258064516
1986691,4177,73 OPP goal kick | strike moment [sanity: expect ~0],124,0.0,0.0
1996436,4177,00 baseline (all live frames),43066,0.15357822876515118,0.1330515952259323
1996436,4177,10 OPP poss | ball in own half,6371,0.4073143933448438,0.37749175953539477
1996436,4177,11 OPP poss | ball in own def third (<35m),3494,0.7289639381797367,0.6745850028620493
1996436,4177,12 OPP poss | ball in own penalty area,723,0.9695712309820194,0.8893499308437067
1996436,4177,"13 OPP poss | ball 35-52m (own half, beyond third)",2877,0.016684045881126174,0.016684045881126174
1996436,4177,40 OWN poss | ball in own def third (<35m),3390,0.4398230088495575,0.375811209439528
1996436,4177,41 OWN poss | ball in own penalty area,880,0.6852272727272727,0.5477272727272727
1996436,4177,42 OWN poss | ball in opp half,7921,0.0,0.0
1996436,4177,2x OPP phase=create | ball <35m,995,0.35678391959798994,0.31959798994974875
1996436,4177,2x OPP phase=finish | ball <35m,3032,0.6540237467018469,0.6240105540897097
1996436,4177,2x OPP phase=chaotic | ball <35m,1450,0.5772413793103448,0.5172413793103449
1996436,4177,2x OPP phase=set_play | ball <35m,1079,0.7182576459684893,0.48841519925857274
1996436,4177,2x OPP phase=transition | ball <35m,475,0.49894736842105264,0.35368421052631577
1996436,4177,2x OPP phase=disruption | ball <35m,2,0.0,0.0
1996436,4177,2x OPP phase=quick_break | ball <35m,282,0.4858156028368794,0.3191489361702128
1996436,4177,2x OPP phase=direct | ball <35m,264,0.5946969696969697,0.5946969696969697
1996436,4177,3x OWN block=medium_block | ball in own half,2777,0.1548433561397191,0.13611811307166005
1996436,4177,3x OWN block=low_block | ball in own half,3516,0.5691126279863481,0.5432309442548351
1996436,4177,3x OWN block=disruption | ball in own half,65,0.0,0.0
1996436,4177,3x OWN block=chaotic | ball in own half,2233,0.3748320644872369,0.33587102552619796
1996436,4177,3x OWN block=high_block | ball in own half,26,0.0,0.0
1996436,4177,3x OWN block=defending_direct | ball in own half,558,0.28136200716845877,0.28136200716845877
1996436,4177,3x OWN block=defending_set_play | ball in own half,1139,0.6804214223002634,0.4626865671641791
1996436,4177,3x OWN block=defending_transition | ball in own half,609,0.3891625615763547,0.27586206896551724
1996436,4177,3x OWN block=defending_quick_break | ball in own half,334,0.4101796407185629,0.2694610778443114
1996436,4177,5x OWN phase=chaotic | ball <35m,1177,0.4817332200509771,0.4485981308411215
1996436,4177,5x OWN phase=build_up | ball <35m,1023,0.4604105571847507,0.3675464320625611
1996436,4177,5x OWN phase=disruption | ball <35m,185,0.7027027027027027,0.6378378378378379
1996436,4177,5x OWN phase=create | ball <35m,1792,0.3392857142857143,0.27957589285714285
1996436,4177,5x OWN phase=direct | ball <35m,148,0.527027027027027,0.41216216216216217
1996436,4177,5x OWN phase=transition | ball <35m,127,0.5748031496062992,0.5118110236220472
1996436,4177,5x OWN phase=finish | ball <35m,31,0.4838709677419355,0.16129032258064516
1996436,4177,5x OWN phase=set_play | ball <35m,22,0.0,0.0
1996436,4177,60 DEFENDING corner (15s),731,0.627906976744186,0.49794801641586867
1996436,4177,60b DEFENDING corner (first 5s),300,0.9533333333333334,0.7966666666666666
1996436,4177,60c DEFENDING corner | ball in own box,329,0.6443768996960486,0.47112462006079026
1996436,4177,61 DEFENDING free kick in own half (15s),1009,0.44301288404360756,0.41129831516352827
1996436,4177,61b DEFENDING free kick <35m (15s),732,0.610655737704918,0.5669398907103825
1996436,4177,62 DEFENDING throw-in in own third (15s),1035,0.4251207729468599,0.4038647342995169
1996436,4177,70 OWN goal kick (15s),714,0.0742296918767507,0.0742296918767507
1996436,4177,70b OWN goal kick (first 5s),250,0.164,0.164
1996436,4177,71 OPP goal kick (15s) [sanity: expect ~0],1635,0.10825688073394496,0.10825688073394496
1996436,4177,63 DEFENDING corner | delivery moment (-2s..+1s),171,0.8070175438596491,0.47953216374269003
1996436,4177,72 OWN goal kick | strike moment (-2s..+0.5s),104,0.7019230769230769,0.5
1996436,4177,73 OPP goal kick | strike moment [sanity: expect ~0],167,0.0,0.0
1996436,1804,00 baseline (all live frames),43066,0.16892676357219152,0.13398040217340826
1996436,1804,10 OPP poss | ball in own half,7921,0.3628329756343896,0.32369650296679714
1996436,1804,11 OPP poss | ball in own def third (<35m),4969,0.5763735157979473,0.5139867176494265
1996436,1804,12 OPP poss | ball in own penalty area,1072,0.9496268656716418,0.8003731343283582
1996436,1804,"13 OPP poss | ball 35-52m (own half, beyond third)",2952,0.0033875338753387536,0.0033875338753387536
1996436,1804,40 OWN poss | ball in own def third (<35m),3442,0.4253341080766996,0.3747821034282394
1996436,1804,41 OWN poss | ball in own penalty area,993,0.8056394763343404,0.6938569989929506
1996436,1804,42 OWN poss | ball in opp half,6378,0.0,0.0
1996436,1804,2x OPP phase=chaotic | ball <35m,1735,0.43054755043227666,0.3256484149855908
1996436,1804,2x OPP phase=set_play | ball <35m,1781,0.6327905670971364,0.43964065131948343
1996436,1804,2x OPP phase=finish | ball <35m,5872,0.5609673024523161,0.4492506811989101
1996436,1804,2x OPP phase=direct | ball <35m,78,0.01282051282051282,0.01282051282051282
1996436,1804,2x OPP phase=create | ball <35m,849,0.21672555948174324,0.10129564193168433
1996436,1804,2x OPP phase=transition | ball <35m,572,0.4493006993006993,0.42132867132867136
1996436,1804,2x OPP phase=quick_break | ball <35m,118,0.559322033898305,0.559322033898305
1996436,1804,3x OWN block=chaotic | ball in own half,2812,0.265647226173542,0.20092460881934565
1996436,1804,3x OWN block=high_block | ball in own half,45,0.0,0.0
1996436,1804,3x OWN block=defending_set_play | ball in own half,1990,0.5663316582914573,0.3934673366834171
1996436,1804,3x OWN block=low_block | ball in own half,6996,0.4712692967409949,0.3772155517438536
1996436,1804,3x OWN block=disruption | ball in own half,92,0.0,0.0
1996436,1804,3x OWN block=medium_block | ball in own half,2466,0.0746147607461476,0.034874290348742905
1996436,1804,3x OWN block=defending_direct | ball in own half,154,0.006493506493506494,0.006493506493506494
1996436,1804,3x OWN block=defending_transition | ball in own half,723,0.355463347164592,0.3333333333333333
1996436,1804,3x OWN block=defending_quick_break | ball in own half,130,0.5076923076923077,0.5076923076923077
1996436,1804,5x OWN phase=disruption | ball <35m,239,0.8451882845188284,0.8326359832635983
1996436,1804,5x OWN phase=chaotic | ball <35m,933,0.44480171489817794,0.36012861736334406
1996436,1804,5x OWN phase=build_up | ball <35m,1574,0.4307496823379924,0.414866581956798
1996436,1804,5x OWN phase=create | ball <35m,702,0.07122507122507123,0.07122507122507123
1996436,1804,5x OWN phase=direct | ball <35m,256,0.78515625,0.40234375
1996436,1804,5x OWN phase=transition | ball <35m,23,0.0,0.0
1996436,1804,5x OWN phase=finish | ball <35m,2,0.0,0.0
1996436,1804,60 DEFENDING corner (15s),428,0.7032710280373832,0.4976635514018692
1996436,1804,60b DEFENDING corner (first 5s),200,0.81,0.57
1996436,1804,60c DEFENDING corner | ball in own box,315,0.5968253968253968,0.3873015873015873
1996436,1804,61 DEFENDING free kick in own half (15s),721,0.4535367545076283,0.42441054091539526
1996436,1804,61b DEFENDING free kick <35m (15s),538,0.6078066914498141,0.5687732342007435
1996436,1804,62 DEFENDING throw-in in own third (15s),1271,0.5295043273013376,0.5224232887490166
1996436,1804,70 OWN goal kick (15s),1635,0.16269113149847095,0.1614678899082569
1996436,1804,70b OWN goal kick (first 5s),550,0.1509090909090909,0.1509090909090909
1996436,1804,71 OPP goal kick (15s) [sanity: expect ~0],714,0.0,0.0
1996436,1804,63 DEFENDING corner | delivery moment (-2s..+1s),122,0.8770491803278688,0.30327868852459017
1996436,1804,72 OWN goal kick | strike moment (-2s..+0.5s),167,0.4431137724550898,0.0718562874251497
1996436,1804,73 OPP goal kick | strike moment [sanity: expect ~0],104,0.0,0.0
2006363,868,00 baseline (all live frames),44347,0.11879044805736577,0.09732338151396938
2006363,868,10 OPP poss | ball in own half,5434,0.3652926021347074,0.2970187707029812
2006363,868,11 OPP poss | ball in own def third (<35m),3016,0.6057692307692307,0.4887267904509284
2006363,868,12 OPP poss | ball in own penalty area,344,0.9593023255813954,0.8226744186046512
2006363,868,"13 OPP poss | ball 35-52m (own half, beyond third)",2418,0.065343258891646,0.05789909015715467
2006363,868,40 OWN poss | ball in own def third (<35m),3166,0.4766266582438408,0.38629185091598234
2006363,868,41 OWN poss | ball in own penalty area,610,0.7918032786885246,0.6295081967213115
2006363,868,42 OWN poss | ball in opp half,10372,0.0,0.0
2006363,868,2x OPP phase=finish | ball <35m,3068,0.5270534550195567,0.44654498044328556
2006363,868,2x OPP phase=create | ball <35m,588,0.3112244897959184,0.28401360544217685
2006363,868,2x OPP phase=chaotic | ball <35m,825,0.38303030303030305,0.37333333333333335
2006363,868,2x OPP phase=build_up | ball <35m,5,1.0,1.0
2006363,868,2x OPP phase=set_play | ball <35m,678,0.6297935103244838,0.45722713864306785
2006363,868,2x OPP phase=direct | ball <35m,675,0.21481481481481482,0.21037037037037037
2006363,868,2x OPP phase=transition | ball <35m,225,0.4088888888888889,0.3422222222222222
2006363,868,3x OWN block=medium_block | ball in own half,2272,0.10299295774647887,0.09595070422535211
2006363,868,3x OWN block=high_block | ball in own half,110,0.13636363636363635,0.13636363636363635
2006363,868,3x OWN block=defending_direct | ball in own half,1030,0.1407766990291262,0.1378640776699029
2006363,868,3x OWN block=low_block | ball in own half,3740,0.44893048128342244,0.3802139037433155
2006363,868,3x OWN block=chaotic | ball in own half,956,0.37447698744769875,0.3577405857740586
2006363,868,3x OWN block=disruption | ball in own half,2,0.0,0.0
2006363,868,3x OWN block=defending_set_play | ball in own half,788,0.5418781725888325,0.3934010152284264
2006363,868,3x OWN block=defending_transition | ball in own half,363,0.2534435261707989,0.21212121212121213
2006363,868,5x OWN phase=create | ball <35m,562,0.29359430604982206,0.22953736654804271
2006363,868,5x OWN phase=direct | ball <35m,195,0.10256410256410256,0.09743589743589744
2006363,868,5x OWN phase=chaotic | ball <35m,755,0.4278145695364238,0.295364238410596
2006363,868,5x OWN phase=build_up | ball <35m,2045,0.5677261613691932,0.4312958435207824
2006363,868,5x OWN phase=transition | ball <35m,234,0.41025641025641024,0.28205128205128205
2006363,868,5x OWN phase=disruption | ball <35m,39,0.23076923076923078,0.23076923076923078
2006363,868,61 DEFENDING free kick in own half (15s),181,0.6353591160220995,0.6298342541436464
2006363,868,61b DEFENDING free kick <35m (15s),181,0.6353591160220995,0.6298342541436464
2006363,868,62 DEFENDING throw-in in own third (15s),1094,0.45978062157221206,0.36745886654478976
2006363,868,70 OWN goal kick (15s),450,0.5133333333333333,0.41333333333333333
2006363,868,70b OWN goal kick (first 5s),150,1.0,0.8133333333333334
2006363,868,71 OPP goal kick (15s) [sanity: expect ~0],1050,0.030476190476190476,0.030476190476190476
2006363,868,72 OWN goal kick | strike moment (-2s..+0.5s),47,0.5531914893617021,0.2978723404255319
2006363,868,73 OPP goal kick | strike moment [sanity: expect ~0],78,0.0,0.0
2006363,870,00 baseline (all live frames),44347,0.21509910478724603,0.16905314902924662
2006363,870,10 OPP poss | ball in own half,10367,0.36905565737436097,0.29883283495707536
2006363,870,11 OPP poss | ball in own def third (<35m),6014,0.5357499168606584,0.4270036581310276
2006363,870,12 OPP poss | ball in own penalty area,1037,0.8293153326904532,0.6345226615236258
2006363,870,"13 OPP poss | ball 35-52m (own half, beyond third)",4353,0.13875488169078795,0.12175511141741328
2006363,870,40 OWN poss | ball in own def third (<35m),6418,0.5052976004985977,0.4297288875038953
2006363,870,41 OWN poss | ball in own penalty area,2050,0.7302439024390244,0.6146341463414634
2006363,870,42 OWN poss | ball in opp half,5434,0.0,0.0
2006363,870,2x OPP phase=direct | ball <35m,78,0.4230769230769231,0.23076923076923078
2006363,870,2x OPP phase=finish | ball <35m,6329,0.48980881655869807,0.34081213461842313
2006363,870,2x OPP phase=create | ball <35m,1044,0.592911877394636,0.4731800766283525
2006363,870,2x OPP phase=transition | ball <35m,228,0.4649122807017544,0.4649122807017544
2006363,870,2x OPP phase=set_play | ball <35m,1547,0.42727860374919197,0.29347123464770525
2006363,870,2x OPP phase=chaotic | ball <35m,674,0.36350148367952523,0.3353115727002967
2006363,870,2x OPP phase=quick_break | ball <35m,875,0.432,0.37485714285714283
2006363,870,3x OWN block=medium_block | ball in own half,3579,0.2478345906677843,0.2112321877619447
2006363,870,3x OWN block=defending_direct | ball in own half,165,0.23636363636363636,0.14545454545454545
2006363,870,3x OWN block=low_block | ball in own half,8202,0.4172153133382102,0.29504998780785174
2006363,870,3x OWN block=chaotic | ball in own half,923,0.31852654387865653,0.2979414951245937
2006363,870,3x OWN block=high_block | ball in own half,21,0.0,0.0
2006363,870,3x OWN block=defending_transition | ball in own half,379,0.31926121372031663,0.31926121372031663
2006363,870,3x OWN block=defending_set_play | ball in own half,1580,0.4291139240506329,0.29240506329113924
2006363,870,3x OWN block=defending_quick_break | ball in own half,918,0.4117647058823529,0.3572984749455338
2006363,870,5x OWN phase=create | ball <35m,1209,0.3358147229114971,0.2961124896608768
2006363,870,5x OWN phase=build_up | ball <35m,3831,0.564082484990864,0.4729835552075176
2006363,870,5x OWN phase=direct | ball <35m,459,0.5664488017429193,0.39433551198257083
2006363,870,5x OWN phase=disruption | ball <35m,362,0.4005524861878453,0.32044198895027626
2006363,870,5x OWN phase=chaotic | ball <35m,777,0.5508365508365508,0.5148005148005148
2006363,870,5x OWN phase=finish | ball <35m,39,0.5897435897435898,0.5897435897435898
2006363,870,5x OWN phase=transition | ball <35m,62,0.20967741935483872,0.20967741935483872
2006363,870,60 DEFENDING corner (15s),1268,0.415615141955836,0.3194006309148265
2006363,870,60b DEFENDING corner (first 5s),450,0.7333333333333333,0.5355555555555556
2006363,870,60c DEFENDING corner | ball in own box,250,0.532,0.408
2006363,870,61 DEFENDING free kick in own half (15s),1295,0.5235521235521235,0.4332046332046332
2006363,870,61b DEFENDING free kick <35m (15s),901,0.7003329633740288,0.5704772475027747
2006363,870,62 DEFENDING throw-in in own third (15s),1242,0.5885668276972624,0.45410628019323673
2006363,870,70 OWN goal kick (15s),1050,0.2057142857142857,0.1980952380952381
2006363,870,70b OWN goal kick (first 5s),350,0.3457142857142857,0.32285714285714284
2006363,870,71 OPP goal kick (15s) [sanity: expect ~0],450,0.06666666666666667,0.06666666666666667
2006363,870,63 DEFENDING corner | delivery moment (-2s..+1s),204,0.8088235294117647,0.08333333333333333
2006363,870,72 OWN goal kick | strike moment (-2s..+0.5s),78,0.14102564102564102,0.14102564102564102
2006363,870,73 OPP goal kick | strike moment [sanity: expect ~0],47,0.0,0.0
2007448,871,00 baseline (all live frames),44283,0.19251179911026806,0.15717092337917485
2007448,871,10 OPP poss | ball in own half,7799,0.4440312860623157,0.41518143351711756
2007448,871,11 OPP poss | ball in own def third (<35m),4671,0.6867908370798544,0.6448298008991651
2007448,871,12 OPP poss | ball in own penalty area,740,0.9567567567567568,0.8608108108108108
2007448,871,"13 OPP poss | ball 35-52m (own half, beyond third)",3128,0.08152173913043478,0.07225063938618925
2007448,871,40 OWN poss | ball in own def third (<35m),3686,0.5029842647856755,0.4302767227346717
2007448,871,41 OWN poss | ball in own penalty area,931,0.7969924812030075,0.6466165413533834
2007448,871,42 OWN poss | ball in opp half,7302,0.0,0.0
2007448,871,2x OPP phase=direct | ball <35m,27,0.037037037037037035,0.037037037037037035
2007448,871,2x OPP phase=finish | ball <35m,5486,0.6263215457528254,0.5289828654757565
2007448,871,2x OPP phase=create | ball <35m,163,0.4662576687116564,0.4662576687116564
2007448,871,2x OPP phase=set_play | ball <35m,1955,0.6276214833759591,0.43171355498721226
2007448,871,2x OPP phase=chaotic | ball <35m,2153,0.3961913608917789,0.30608453320947515
2007448,871,2x OPP phase=transition | ball <35m,113,1.0,1.0
2007448,871,2x OPP phase=quick_break | ball <35m,98,0.41836734693877553,0.41836734693877553
2007448,871,3x OWN block=high_block | ball in own half,56,0.0,0.0
2007448,871,3x OWN block=defending_direct | ball in own half,160,0.0125,0.0125
2007448,871,3x OWN block=chaotic | ball in own half,2861,0.30094372596994057,0.23313526738902482
2007448,871,3x OWN block=medium_block | ball in own half,1735,0.061671469740634005,0.061671469740634005
2007448,871,3x OWN block=low_block | ball in own half,6879,0.5509521732810001,0.4683820322721326
2007448,871,3x OWN block=defending_set_play | ball in own half,2066,0.5939012584704744,0.4085188770571152
2007448,871,3x OWN block=defending_transition | ball in own half,315,0.3873015873015873,0.38412698412698415
2007448,871,3x OWN block=defending_quick_break | ball in own half,98,0.41836734693877553,0.41836734693877553
2007448,871,5x OWN phase=create | ball <35m,913,0.20372398685651696,0.20372398685651696
2007448,871,5x OWN phase=direct | ball <35m,319,0.34796238244514105,0.23510971786833856
2007448,871,5x OWN phase=transition | ball <35m,89,0.5280898876404494,0.5280898876404494
2007448,871,5x OWN phase=build_up | ball <35m,1979,0.6003031834259727,0.4770085901970692
2007448,871,5x OWN phase=chaotic | ball <35m,1120,0.45803571428571427,0.425
2007448,871,5x OWN phase=disruption | ball <35m,78,0.6410256410256411,0.6410256410256411
2007448,871,5x OWN phase=set_play | ball <35m,18,0.0,0.0
2007448,871,5x OWN phase=finish | ball <35m,41,0.34146341463414637,0.34146341463414637
2007448,871,60 DEFENDING corner (15s),381,0.5879265091863517,0.5748031496062992
2007448,871,60b DEFENDING corner (first 5s),150,0.9333333333333333,0.9
2007448,871,60c DEFENDING corner | ball in own box,202,0.6534653465346535,0.6287128712871287
2007448,871,61 DEFENDING free kick in own half (15s),1520,0.5578947368421052,0.5098684210526315
2007448,871,61b DEFENDING free kick <35m (15s),1301,0.6095311299000769,0.5611068408916219
2007448,871,62 DEFENDING throw-in in own third (15s),1013,0.6475814412635735,0.6357354392892399
2007448,871,70 OWN goal kick (15s),879,0.053469852104664393,0.053469852104664393
2007448,871,70b OWN goal kick (first 5s),287,0.0,0.0
2007448,871,71 OPP goal kick (15s) [sanity: expect ~0],970,0.17835051546391753,0.14845360824742268
2007448,871,63 DEFENDING corner | delivery moment (-2s..+1s),62,0.5,0.2903225806451613
2007448,871,72 OWN goal kick | strike moment (-2s..+0.5s),130,0.2846153846153846,0.19230769230769232
2007448,871,73 OPP goal kick | strike moment [sanity: expect ~0],125,0.0,0.0
2007448,1802,00 baseline (all live frames),44283,0.15956461847661632,0.12442698100851342
2007448,1802,10 OPP poss | ball in own half,7296,0.32922149122807015,0.3042763157894737
2007448,1802,11 OPP poss | ball in own def third (<35m),4310,0.534570765661253,0.49443155452436194
2007448,1802,12 OPP poss | ball in own penalty area,686,0.8760932944606414,0.7434402332361516
2007448,1802,"13 OPP poss | ball 35-52m (own half, beyond third)",2986,0.03281982585398526,0.029805760214333555
2007448,1802,40 OWN poss | ball in own def third (<35m),3534,0.5311262026032824,0.40690435766836447
2007448,1802,41 OWN poss | ball in own penalty area,885,0.8135593220338984,0.4858757062146893
2007448,1802,42 OWN poss | ball in opp half,7799,0.0,0.0
2007448,1802,2x OPP phase=direct | ball <35m,405,0.5407407407407407,0.3728395061728395
2007448,1802,2x OPP phase=finish | ball <35m,4023,0.521501367138951,0.4648272433507333
2007448,1802,2x OPP phase=transition | ball <35m,835,0.5592814371257485,0.41437125748502995
2007448,1802,2x OPP phase=chaotic | ball <35m,1535,0.38501628664495113,0.20325732899022803
2007448,1802,2x OPP phase=create | ball <35m,190,0.43157894736842106,0.43157894736842106
2007448,1802,2x OPP phase=set_play | ball <35m,856,0.6728971962616822,0.5163551401869159
2007448,1802,2x OPP phase=quick_break | ball <35m,155,0.3419354838709677,0.3419354838709677
2007448,1802,3x OWN block=medium_block | ball in own half,1436,0.06128133704735376,0.06128133704735376
2007448,1802,3x OWN block=defending_direct | ball in own half,521,0.43953934740882916,0.30710172744721687
2007448,1802,3x OWN block=low_block | ball in own half,5147,0.41033611812706433,0.3660384690110744
2007448,1802,3x OWN block=defending_transition | ball in own half,1083,0.4376731301939058,0.32594644506001846
2007448,1802,3x OWN block=chaotic | ball in own half,2041,0.300342969132778,0.15874571288584027
2007448,1802,3x OWN block=high_block | ball in own half,65,0.0,0.0
2007448,1802,3x OWN block=defending_set_play | ball in own half,888,0.6486486486486487,0.49774774774774777
2007448,1802,3x OWN block=disruption | ball in own half,12,0.0,0.0
2007448,1802,3x OWN block=defending_quick_break | ball in own half,201,0.263681592039801,0.263681592039801
2007448,1802,5x OWN phase=build_up | ball <35m,1867,0.6336368505623996,0.40814140332083554
2007448,1802,5x OWN phase=direct | ball <35m,455,0.3868131868131868,0.3384615384615385
2007448,1802,5x OWN phase=chaotic | ball <35m,1627,0.478180700676091,0.37246465888137675
2007448,1802,5x OWN phase=create | ball <35m,1145,0.3737991266375546,0.3240174672489083
2007448,1802,5x OWN phase=finish | ball <35m,18,0.0,0.0
2007448,1802,5x OWN phase=transition | ball <35m,69,0.8405797101449275,0.5942028985507246
2007448,1802,5x OWN phase=disruption | ball <35m,97,0.35051546391752575,0.35051546391752575
2007448,1802,5x OWN phase=set_play | ball <35m,12,0.0,0.0
2007448,1802,60 DEFENDING corner (15s),561,0.5418894830659536,0.45811051693404636
2007448,1802,60b DEFENDING corner (first 5s),250,0.828,0.736
2007448,1802,60c DEFENDING corner | ball in own box,436,0.555045871559633,0.4701834862385321
2007448,1802,61 DEFENDING free kick in own half (15s),474,0.0970464135021097,0.06118143459915612
2007448,1802,61b DEFENDING free kick <35m (15s),135,0.34074074074074073,0.21481481481481482
2007448,1802,62 DEFENDING throw-in in own third (15s),790,0.4341772151898734,0.39746835443037976
2007448,1802,70 OWN goal kick (15s),970,0.18453608247422681,0.18041237113402062
2007448,1802,70b OWN goal kick (first 5s),350,0.21428571428571427,0.20285714285714285
2007448,1802,71 OPP goal kick (15s) [sanity: expect ~0],879,0.08191126279863481,0.07622298065984073
2007448,1802,63 DEFENDING corner | delivery moment (-2s..+1s),93,0.9139784946236559,0.9032258064516129
2007448,1802,72 OWN goal kick | strike moment (-2s..+0.5s),125,0.624,0.512
2007448,1802,73 OPP goal kick | strike moment [sanity: expect ~0],130,0.0,0.0
2007721,4177,00 baseline (all live frames),46297,0.10121606151586496,0.08654988444175649
2007721,4177,10 OPP poss | ball in own half,8278,0.23375211403720705,0.21659821212853347
2007721,4177,11 OPP poss | ball in own def third (<35m),3718,0.5037654653039269,0.4682625067240452
2007721,4177,12 OPP poss | ball in own penalty area,421,0.9572446555819477,0.8693586698337292
2007721,4177,"13 OPP poss | ball 35-52m (own half, beyond third)",4560,0.013596491228070176,0.011403508771929825
2007721,4177,40 OWN poss | ball in own def third (<35m),3760,0.40345744680851064,0.3375
2007721,4177,41 OWN poss | ball in own penalty area,974,0.7433264887063655,0.582135523613963
2007721,4177,42 OWN poss | ball in opp half,8274,0.0,0.0
2007721,4177,2x OPP phase=create | ball <35m,755,0.12847682119205298,0.12847682119205298
2007721,4177,2x OPP phase=finish | ball <35m,4226,0.5378608613345953,0.46710837671557026
2007721,4177,2x OPP phase=direct | ball <35m,229,0.4759825327510917,0.35807860262008734
2007721,4177,2x OPP phase=build_up | ball <35m,94,0.031914893617021274,0.031914893617021274
2007721,4177,2x OPP phase=transition | ball <35m,687,0.5720524017467249,0.487627365356623
2007721,4177,2x OPP phase=chaotic | ball <35m,181,0.0,0.0
2007721,4177,2x OPP phase=set_play | ball <35m,82,0.524390243902439,0.3780487804878049
2007721,4177,3x OWN block=medium_block | ball in own half,3000,0.033,0.033
2007721,4177,3x OWN block=chaotic | ball in own half,1148,0.0,0.0
2007721,4177,3x OWN block=low_block | ball in own half,6069,0.38457736035590706,0.3336628769154721
2007721,4177,3x OWN block=high_block | ball in own half,234,0.01282051282051282,0.01282051282051282
2007721,4177,3x OWN block=defending_direct | ball in own half,430,0.2534883720930233,0.19069767441860466
2007721,4177,3x OWN block=defending_transition | ball in own half,1111,0.3546354635463546,0.30243024302430244
2007721,4177,3x OWN block=defending_set_play | ball in own half,91,0.4725274725274725,0.34065934065934067
2007721,4177,5x OWN phase=create | ball <35m,1776,0.26069819819819817,0.2376126126126126
2007721,4177,5x OWN phase=direct | ball <35m,156,0.5897435897435898,0.5769230769230769
2007721,4177,5x OWN phase=build_up | ball <35m,1104,0.48641304347826086,0.38405797101449274
2007721,4177,5x OWN phase=chaotic | ball <35m,1150,0.3765217391304348,0.3095652173913043
2007721,4177,5x OWN phase=finish | ball <35m,6,0.0,0.0
2007721,4177,5x OWN phase=transition | ball <35m,97,0.0,0.0
2007721,4177,5x OWN phase=disruption | ball <35m,277,0.49458483754512633,0.35379061371841153
2007721,4177,60 DEFENDING corner (15s),131,0.4351145038167939,0.4351145038167939
2007721,4177,60b DEFENDING corner (first 5s),100,0.57,0.57
2007721,4177,60c DEFENDING corner | ball in own box,85,0.611764705882353,0.611764705882353
2007721,4177,61 DEFENDING free kick in own half (15s),754,0.17771883289124668,0.13262599469496023
2007721,4177,61b DEFENDING free kick <35m (15s),517,0.25918762088974856,0.19342359767891681
2007721,4177,62 DEFENDING throw-in in own third (15s),908,0.28193832599118945,0.23127753303964757
2007721,4177,70 OWN goal kick (15s),893,0.04591265397536394,0.04591265397536394
2007721,4177,70b OWN goal kick (first 5s),300,0.13666666666666666,0.13666666666666666
2007721,4177,71 OPP goal kick (15s) [sanity: expect ~0],827,0.0,0.0
2007721,4177,63 DEFENDING corner | delivery moment (-2s..+1s),31,0.3225806451612903,0.3225806451612903
2007721,4177,72 OWN goal kick | strike moment (-2s..+0.5s),83,0.40963855421686746,0.0
2007721,4177,73 OPP goal kick | strike moment [sanity: expect ~0],130,0.0,0.0
2007721,870,00 baseline (all live frames),46297,0.17271097479318315,0.13953387908503792
2007721,870,10 OPP poss | ball in own half,8271,0.36005319792044493,0.32257284487970017
2007721,870,11 OPP poss | ball in own def third (<35m),4649,0.6315336631533663,0.5678640567864057
2007721,870,12 OPP poss | ball in own penalty area,1262,0.8510301109350238,0.7535657686212361
2007721,870,"13 OPP poss | ball 35-52m (own half, beyond third)",3622,0.011595803423522915,0.007730535615681944
2007721,870,40 OWN poss | ball in own def third (<35m),4597,0.514901022405917,0.44768327169893407
2007721,870,41 OWN poss | ball in own penalty area,1241,0.8178887993553586,0.7099113618049959
2007721,870,42 OWN poss | ball in opp half,8279,0.0019326005556226597,0.0016910254861698273
2007721,870,2x OPP phase=direct | ball <35m,183,0.1912568306010929,0.17486338797814208
2007721,870,2x OPP phase=create | ball <35m,981,0.2415902140672783,0.1834862385321101
2007721,870,2x OPP phase=finish | ball <35m,4938,0.6263669501822601,0.524098825435399
2007721,870,2x OPP phase=quick_break | ball <35m,144,0.7013888888888888,0.7013888888888888
2007721,870,2x OPP phase=chaotic | ball <35m,767,0.4132985658409387,0.25684485006518903
2007721,870,2x OPP phase=set_play | ball <35m,1655,0.461631419939577,0.2773413897280967
2007721,870,2x OPP phase=transition | ball <35m,594,0.5606060606060606,0.5454545454545454
2007721,870,3x OWN block=medium_block | ball in own half,2969,0.07982485685415965,0.060626473560121255
2007721,870,3x OWN block=defending_direct | ball in own half,420,0.13333333333333333,0.09285714285714286
2007721,870,3x OWN block=chaotic | ball in own half,1490,0.22348993288590605,0.13624161073825503
2007721,870,3x OWN block=low_block | ball in own half,5881,0.5271212378847134,0.4412514878422037
2007721,870,3x OWN block=defending_quick_break | ball in own half,217,0.46543778801843316,0.46543778801843316
2007721,870,3x OWN block=defending_set_play | ball in own half,1669,0.4589574595566207,0.2762133013780707
2007721,870,3x OWN block=defending_transition | ball in own half,859,0.40046565774155995,0.389988358556461
2007721,870,3x OWN block=disruption | ball in own half,54,0.0,0.0
2007721,870,5x OWN phase=create | ball <35m,1336,0.35853293413173654,0.2754491017964072
2007721,870,5x OWN phase=build_up | ball <35m,2252,0.5315275310834814,0.47824156305506216
2007721,870,5x OWN phase=chaotic | ball <35m,856,0.5537383177570093,0.3901869158878505
2007721,870,5x OWN phase=direct | ball <35m,491,0.6578411405295316,0.6476578411405295
2007721,870,5x OWN phase=transition | ball <35m,281,0.701067615658363,0.6690391459074733
2007721,870,5x OWN phase=disruption | ball <35m,217,0.8755760368663594,0.5944700460829493
2007721,870,5x OWN phase=set_play | ball <35m,46,0.0,0.0
2007721,870,5x OWN phase=finish | ball <35m,161,0.2919254658385093,0.09316770186335403
2007721,870,60 DEFENDING corner (15s),292,0.5445205479452054,0.4589041095890411
2007721,870,60b DEFENDING corner (first 5s),150,0.56,0.4266666666666667
2007721,870,60c DEFENDING corner | ball in own box,124,0.532258064516129,0.45161290322580644
2007721,870,61 DEFENDING free kick in own half (15s),531,0.2824858757062147,0.21468926553672316
2007721,870,61b DEFENDING free kick <35m (15s),294,0.5034013605442177,0.3877551020408163
2007721,870,62 DEFENDING throw-in in own third (15s),694,0.5662824207492796,0.5100864553314121
2007721,870,70 OWN goal kick (15s),827,0.05199516324062878,0.05199516324062878
2007721,870,70b OWN goal kick (first 5s),300,0.10666666666666667,0.10666666666666667
2007721,870,71 OPP goal kick (15s) [sanity: expect ~0],893,0.010078387458006719,0.010078387458006719
2007721,870,63 DEFENDING corner | delivery moment (-2s..+1s),62,1.0,0.5
2007721,870,72 OWN goal kick | strike moment (-2s..+0.5s),130,0.8,0.6
2007721,870,73 OPP goal kick | strike moment [sanity: expect ~0],83,0.0,0.0
2010085,2380,00 baseline (all live frames),45521,0.1819819424002109,0.13637661738538256
2010085,2380,10 OPP poss | ball in own half,4653,0.3180743606275521,0.2716526971846121
2010085,2380,11 OPP poss | ball in own def third (<35m),1963,0.6321956189505858,0.5333672949566989
2010085,2380,12 OPP poss | ball in own penalty area,286,0.916083916083916,0.6853146853146853
2010085,2380,"13 OPP poss | ball 35-52m (own half, beyond third)",2690,0.08884758364312267,0.08066914498141264
2010085,2380,40 OWN poss | ball in own def third (<35m),3367,0.7116127116127117,0.5114345114345115
2010085,2380,41 OWN poss | ball in own penalty area,580,0.9103448275862069,0.6896551724137931
2010085,2380,42 OWN poss | ball in opp half,11509,0.0017377704405248068,0.0017377704405248068
2010085,2380,2x OPP phase=transition | ball <35m,1144,0.6162587412587412,0.30594405594405594
2010085,2380,2x OPP phase=set_play | ball <35m,1051,0.6070409134157945,0.439581351094196
2010085,2380,2x OPP phase=chaotic | ball <35m,479,0.5949895615866388,0.511482254697286
2010085,2380,2x OPP phase=finish | ball <35m,1986,0.62134944612286,0.5065458207452165
2010085,2380,2x OPP phase=create | ball <35m,1052,0.49714828897338403,0.34220532319391633
2010085,2380,2x OPP phase=direct | ball <35m,775,0.535483870967742,0.47870967741935483
2010085,2380,2x OPP phase=build_up | ball <35m,178,1.0,0.5898876404494382
2010085,2380,3x OWN block=chaotic | ball in own half,1420,0.3845070422535211,0.2823943661971831
2010085,2380,3x OWN block=defending_transition | ball in own half,1351,0.5647668393782384,0.30199851961509994
2010085,2380,3x OWN block=high_block | ball in own half,209,0.8899521531100478,0.5406698564593302
2010085,2380,3x OWN block=defending_direct | ball in own half,1413,0.41047416843595186,0.37933474876150036
2010085,2380,3x OWN block=defending_set_play | ball in own half,1160,0.5706896551724138,0.4189655172413793
2010085,2380,3x OWN block=medium_block | ball in own half,2613,0.28128587830080365,0.2020665901262916
2010085,2380,3x OWN block=low_block | ball in own half,2431,0.5610859728506787,0.4660633484162896
2010085,2380,5x OWN phase=finish | ball <35m,29,0.6551724137931034,0.1724137931034483
2010085,2380,5x OWN phase=build_up | ball <35m,1993,0.6487706974410437,0.42197691921726044
2010085,2380,5x OWN phase=create | ball <35m,1241,0.5979049153908138,0.40370668815471394
2010085,2380,5x OWN phase=disruption | ball <35m,94,0.5638297872340425,0.5425531914893617
2010085,2380,5x OWN phase=transition | ball <35m,77,0.6233766233766234,0.5844155844155844
2010085,2380,5x OWN phase=set_play | ball <35m,59,0.0,0.0
2010085,2380,5x OWN phase=chaotic | ball <35m,361,0.7257617728531855,0.6426592797783933
2010085,2380,5x OWN phase=direct | ball <35m,115,0.8695652173913043,0.6782608695652174
2010085,2380,60 DEFENDING corner (15s),211,0.7156398104265402,0.6540284360189573
2010085,2380,60b DEFENDING corner (first 5s),100,0.78,0.65
2010085,2380,60c DEFENDING corner | ball in own box,61,0.45901639344262296,0.2459016393442623
2010085,2380,61 DEFENDING free kick in own half (15s),818,0.4449877750611247,0.3740831295843521
2010085,2380,61b DEFENDING free kick <35m (15s),561,0.5418894830659536,0.4385026737967914
2010085,2380,62 DEFENDING throw-in in own third (15s),325,0.7753846153846153,0.7230769230769231
2010085,2380,70 OWN goal kick (15s),577,0.058925476603119586,0.0
2010085,2380,70b OWN goal kick (first 5s),200,0.17,0.0
2010085,2380,71 OPP goal kick (15s) [sanity: expect ~0],744,0.47043010752688175,0.40591397849462363
2010085,2380,63 DEFENDING corner | delivery moment (-2s..+1s),62,0.8225806451612904,0.0
2010085,2380,72 OWN goal kick | strike moment (-2s..+0.5s),26,1.0,1.0
2010085,2380,73 OPP goal kick | strike moment [sanity: expect ~0],78,0.0,0.0
2010085,870,00 baseline (all live frames),45521,0.1797631862217438,0.14454866984468706
2010085,870,10 OPP poss | ball in own half,11507,0.38524376466498655,0.3238029025810376
2010085,870,11 OPP poss | ball in own def third (<35m),5781,0.5971285244767341,0.5044110015568241
2010085,870,12 OPP poss | ball in own penalty area,564,0.9060283687943262,0.7304964539007093
2010085,870,"13 OPP poss | ball 35-52m (own half, beyond third)",5726,0.17132378623821168,0.14146000698567937
2010085,870,40 OWN poss | ball in own def third (<35m),4642,0.37268418785006463,0.2966393795777682
2010085,870,41 OWN poss | ball in own penalty area,942,0.8067940552016986,0.6167728237791932
2010085,870,42 OWN poss | ball in opp half,4653,0.0,0.0
2010085,870,2x OPP phase=direct | ball <35m,434,0.4032258064516129,0.2350230414746544
2010085,870,2x OPP phase=chaotic | ball <35m,1589,0.5355569540591567,0.41472624292007554
2010085,870,2x OPP phase=create | ball <35m,261,0.6168582375478927,0.421455938697318
2010085,870,2x OPP phase=finish | ball <35m,6275,0.5204780876494024,0.44621513944223107
2010085,870,2x OPP phase=transition | ball <35m,129,0.4186046511627907,0.4186046511627907
2010085,870,2x OPP phase=set_play | ball <35m,342,0.6783625730994152,0.4444444444444444
2010085,870,2x OPP phase=quick_break | ball <35m,91,0.8131868131868132,0.8131868131868132
2010085,870,3x OWN block=medium_block | ball in own half,2537,0.11351990540007884,0.0910524241229799
2010085,870,3x OWN block=defending_direct | ball in own half,567,0.3298059964726631,0.20105820105820105
2010085,870,3x OWN block=chaotic | ball in own half,2542,0.3937844217151849,0.3103855232100708
2010085,870,3x OWN block=low_block | ball in own half,9202,0.4315366224733754,0.3654640295587916
2010085,870,3x OWN block=high_block | ball in own half,17,0.0,0.0
2010085,870,3x OWN block=defending_transition | ball in own half,204,0.2647058823529412,0.2647058823529412
2010085,870,3x OWN block=defending_set_play | ball in own half,422,0.5545023696682464,0.36018957345971564
2010085,870,3x OWN block=defending_quick_break | ball in own half,158,0.5,0.5
2010085,870,5x OWN phase=chaotic | ball <35m,1371,0.487964989059081,0.35521517140773157
2010085,870,5x OWN phase=transition | ball <35m,70,0.07142857142857142,0.07142857142857142
2010085,870,5x OWN phase=build_up | ball <35m,2305,0.4177874186550976,0.29761388286334056
2010085,870,5x OWN phase=direct | ball <35m,468,0.5769230769230769,0.42948717948717946
2010085,870,5x OWN phase=create | ball <35m,1092,0.16758241758241757,0.14652014652014653
2010085,870,5x OWN phase=disruption | ball <35m,63,0.9682539682539683,0.9682539682539683
2010085,870,60 DEFENDING corner (15s),150,0.8466666666666667,0.5
2010085,870,60b DEFENDING corner (first 5s),50,1.0,0.4
2010085,870,60c DEFENDING corner | ball in own box,83,0.7228915662650602,0.7228915662650602
2010085,870,61 DEFENDING free kick in own half (15s),736,0.5366847826086957,0.33695652173913043
2010085,870,61b DEFENDING free kick <35m (15s),565,0.672566371681416,0.415929203539823
2010085,870,62 DEFENDING throw-in in own third (15s),1149,0.5483028720626631,0.4751958224543081
2010085,870,70 OWN goal kick (15s),744,0.010752688172043012,0.010752688172043012
2010085,870,70b OWN goal kick (first 5s),250,0.032,0.032
2010085,870,71 OPP goal kick (15s) [sanity: expect ~0],577,0.1663778162911612,0.1663778162911612
2010085,870,72 OWN goal kick | strike moment (-2s..+0.5s),78,0.47435897435897434,0.47435897435897434
2010085,870,73 OPP goal kick | strike moment [sanity: expect ~0],26,0.0,0.0
2016236,1803,00 baseline (all live frames),43883,0.14668550463733107,0.10224916254586058
2016236,1803,10 OPP poss | ball in own half,7978,0.3312860366006518,0.24555026322386564
2016236,1803,11 OPP poss | ball in own def third (<35m),3905,0.5971830985915493,0.43303457106274007
2016236,1803,12 OPP poss | ball in own penalty area,782,0.8976982097186701,0.7007672634271099
2016236,1803,"13 OPP poss | ball 35-52m (own half, beyond third)",4073,0.0763564939847778,0.06579916523447091
2016236,1803,40 OWN poss | ball in own def third (<35m),4738,0.38180666948079356,0.2308991135500211
2016236,1803,41 OWN poss | ball in own penalty area,1039,0.7651588065447545,0.36573628488931664
2016236,1803,42 OWN poss | ball in opp half,6455,0.0,0.0
2016236,1803,2x OPP phase=direct | ball <35m,489,0.34355828220858897,0.17791411042944785
2016236,1803,2x OPP phase=chaotic | ball <35m,1256,0.5135350318471338,0.4856687898089172
2016236,1803,2x OPP phase=finish | ball <35m,3331,0.5652957069948964,0.38096667667367157
2016236,1803,2x OPP phase=create | ball <35m,631,0.3375594294770206,0.2694136291600634
2016236,1803,2x OPP phase=transition | ball <35m,396,0.8181818181818182,0.6590909090909091
2016236,1803,2x OPP phase=quick_break | ball <35m,265,0.4830188679245283,0.4716981132075472
2016236,1803,2x OPP phase=set_play | ball <35m,699,0.2932761087267525,0.16165951359084407
2016236,1803,2x OPP phase=build_up | ball <35m,83,0.6746987951807228,0.0
2016236,1803,3x OWN block=defending_direct | ball in own half,899,0.26140155728587317,0.1635150166852058
2016236,1803,3x OWN block=chaotic | ball in own half,2155,0.3503480278422274,0.3336426914153132
2016236,1803,3x OWN block=medium_block | ball in own half,2305,0.12017353579175705,0.09240780911062907
2016236,1803,3x OWN block=low_block | ball in own half,4814,0.4260490236809306,0.29393435812214375
2016236,1803,3x OWN block=high_block | ball in own half,226,0.24778761061946902,0.0
2016236,1803,3x OWN block=defending_transition | ball in own half,483,0.7701863354037267,0.639751552795031
2016236,1803,3x OWN block=defending_quick_break | ball in own half,315,0.4126984126984127,0.4031746031746032
2016236,1803,3x OWN block=defending_set_play | ball in own half,833,0.2460984393757503,0.13565426170468187
2016236,1803,5x OWN phase=chaotic | ball <35m,1655,0.508761329305136,0.370392749244713
2016236,1803,5x OWN phase=create | ball <35m,1470,0.20272108843537415,0.11972789115646258
2016236,1803,5x OWN phase=transition | ball <35m,181,0.30939226519337015,0.11602209944751381
2016236,1803,5x OWN phase=build_up | ball <35m,1724,0.47447795823665895,0.22795823665893272
2016236,1803,5x OWN phase=disruption | ball <35m,159,0.5471698113207547,0.5471698113207547
2016236,1803,5x OWN phase=direct | ball <35m,232,0.375,0.04310344827586207
2016236,1803,60 DEFENDING corner (15s),150,0.05333333333333334,0.05333333333333334
2016236,1803,60b DEFENDING corner (first 5s),50,0.16,0.16
2016236,1803,60c DEFENDING corner | ball in own box,7,1.0,1.0
2016236,1803,61 DEFENDING free kick in own half (15s),1845,0.4173441734417344,0.3073170731707317
2016236,1803,61b DEFENDING free kick <35m (15s),1247,0.5862068965517241,0.429831595829992
2016236,1803,62 DEFENDING throw-in in own third (15s),1026,0.45419103313840153,0.41228070175438597
2016236,1803,70 OWN goal kick (15s),1466,0.3117326057298772,0.15620736698499318
2016236,1803,70b OWN goal kick (first 5s),500,0.65,0.262
2016236,1803,71 OPP goal kick (15s) [sanity: expect ~0],739,0.08254397834912043,0.07983761840324763
2016236,1803,63 DEFENDING corner | delivery moment (-2s..+1s),31,1.0,1.0
2016236,1803,72 OWN goal kick | strike moment (-2s..+0.5s),138,0.572463768115942,0.0
2016236,1803,73 OPP goal kick | strike moment [sanity: expect ~0],73,0.0,0.0
2016236,866,00 baseline (all live frames),43883,0.15796549916824282,0.10202128386846843
2016236,866,10 OPP poss | ball in own half,6452,0.36035337879727214,0.2661190328580285
2016236,866,11 OPP poss | ball in own def third (<35m),3748,0.571504802561366,0.41408751334044824
2016236,866,12 OPP poss | ball in own penalty area,822,0.6727493917274939,0.5547445255474452
2016236,866,"13 OPP poss | ball 35-52m (own half, beyond third)",2704,0.06767751479289941,0.0610207100591716
2016236,866,40 OWN poss | ball in own def third (<35m),4971,0.548380607523637,0.3190504928585798
2016236,866,41 OWN poss | ball in own penalty area,1551,0.7833655705996132,0.47453255963894264
2016236,866,42 OWN poss | ball in opp half,7979,0.0,0.0
2016236,866,2x OPP phase=finish | ball <35m,3227,0.5577936163619461,0.3455221568019833
2016236,866,2x OPP phase=chaotic | ball <35m,1315,0.3749049429657795,0.21825095057034222
2016236,866,2x OPP phase=create | ball <35m,482,0.4315352697095436,0.34647302904564314
2016236,866,2x OPP phase=set_play | ball <35m,356,0.8117977528089888,0.5084269662921348
2016236,866,2x OPP phase=build_up | ball <35m,309,0.42394822006472493,0.18446601941747573
2016236,866,2x OPP phase=transition | ball <35m,525,0.1295238095238095,0.08571428571428572
2016236,866,2x OPP phase=direct | ball <35m,19,0.631578947368421,0.0
2016236,866,2x OPP phase=quick_break | ball <35m,176,0.4715909090909091,0.4715909090909091
2016236,866,3x OWN block=chaotic | ball in own half,1932,0.30745341614906835,0.19202898550724637
2016236,866,3x OWN block=medium_block | ball in own half,1608,0.17475124378109452,0.14427860696517414
2016236,866,3x OWN block=defending_transition | ball in own half,782,0.12148337595907928,0.0907928388746803
2016236,866,3x OWN block=low_block | ball in own half,4027,0.4492177799851006,0.27688105289297243
2016236,866,3x OWN block=defending_set_play | ball in own half,449,0.6948775055679287,0.4521158129175947
2016236,866,3x OWN block=high_block | ball in own half,340,0.3941176470588235,0.17647058823529413
2016236,866,3x OWN block=disruption | ball in own half,8,0.0,0.0
2016236,866,3x OWN block=defending_direct | ball in own half,82,0.24390243902439024,0.08536585365853659
2016236,866,3x OWN block=defending_quick_break | ball in own half,176,0.4715909090909091,0.4715909090909091
2016236,866,5x OWN phase=create | ball <35m,827,0.24062877871825877,0.1825876662636034
2016236,866,5x OWN phase=build_up | ball <35m,2713,0.5613711758201253,0.29413932915591595
2016236,866,5x OWN phase=direct | ball <35m,576,0.5347222222222222,0.19444444444444445
2016236,866,5x OWN phase=disruption | ball <35m,302,0.8774834437086093,0.6920529801324503
2016236,866,5x OWN phase=chaotic | ball <35m,1643,0.5027388922702374,0.3761412051125989
2016236,866,5x OWN phase=transition | ball <35m,184,0.11956521739130435,0.10869565217391304
2016236,866,5x OWN phase=finish | ball <35m,28,0.8571428571428571,0.35714285714285715
2016236,866,60 DEFENDING corner (15s),450,0.3511111111111111,0.2822222222222222
2016236,866,60b DEFENDING corner (first 5s),150,0.5133333333333333,0.3466666666666667
2016236,866,60c DEFENDING corner | ball in own box,155,0.6838709677419355,0.5741935483870968
2016236,866,61 DEFENDING free kick in own half (15s),823,0.3669501822600243,0.2709599027946537
2016236,866,61b DEFENDING free kick <35m (15s),343,0.6880466472303207,0.4868804664723032
2016236,866,62 DEFENDING throw-in in own third (15s),1691,0.3151981076286221,0.19278533412182142
2016236,866,70 OWN goal kick (15s),739,0.33558863328822736,0.2774018944519621
2016236,866,70b OWN goal kick (first 5s),250,0.448,0.34
2016236,866,71 OPP goal kick (15s) [sanity: expect ~0],1466,0.006139154160982265,0.0034106412005457027
2016236,866,63 DEFENDING corner | delivery moment (-2s..+1s),93,0.9032258064516129,0.03225806451612903
2016236,866,72 OWN goal kick | strike moment (-2s..+0.5s),73,0.7123287671232876,0.7123287671232876
2016236,866,73 OPP goal kick | strike moment [sanity: expect ~0],138,0.0,0.0
